category,product_name,product_id,product_url,image_url,full_price,discount_price,availability,filename
men_clothing,off-white c/o ac milan nairobi slogan tee,,https://www.off---white.com/en-us/shopping/off-white-off-white-c-o-ac-milan-nairobi-slogan-tee-22937452,https://cdn-images.farfetch-contents.com/off-white-off-white-c-o-ac-milan-nairobi-slogan-tee_22937452_53499975_800.jpg?c=3,,,In stock,men_clothing.html
men_clothing,90s logo braces hip hop jeans,,https://www.off---white.com/en-us/shopping/off-white-90s-logo-braces-hip-hop-jeans-22102694,https://cdn-images.farfetch-contents.com/off-white-90s-logo-braces-hip-hop-jeans_22102694_52361274_800.jpg?c=3,"$1,125",$732,In stock,men_clothing.html
men_clothing,ow 23 skate hoodie,,https://www.off---white.com/en-us/shopping/off-white-ow-23-skate-hoodie-21255512,https://cdn-images.farfetch-contents.com/off-white-ow-23-skate-hoodie_21255512_47463011_800.jpg?c=3,$850,$553,In stock,men_clothing.html
men_clothing,ow 23 skate s/s tee,,https://www.off---white.com/en-us/shopping/off-white-ow-23-skate-s-s-tee-21255506,https://cdn-images.farfetch-contents.com/off-white-ow-23-skate-s-s-tee_21255506_52255012_800.jpg?c=3,$395,$257,In stock,men_clothing.html
men_clothing,baseball s/s shirt,,https://www.off---white.com/en-us/shopping/off-white-baseball-s-s-shirt-21832130,https://cdn-images.farfetch-contents.com/off-white-baseball-s-s-shirt_21832130_51811059_800.jpg?c=3,$895,$582,In stock,men_clothing.html
men_clothing,football ow mesh s/s tee,,https://www.off---white.com/en-us/shopping/off-white-football-ow-mesh-s-s-tee-21833046,https://cdn-images.farfetch-contents.com/off-white-football-ow-mesh-s-s-tee_21833046_51813076_800.jpg?c=3,"$1,050",$683,In stock,men_clothing.html
men_clothing,full leather varsity jacket,,https://www.off---white.com/en-us/shopping/off-white-full-leather-varsity-jacket-21255521,https://cdn-images.farfetch-contents.com/off-white-full-leather-varsity-jacket_21255521_52255763_800.jpg?c=3,"$3,915",,In stock,men_clothing.html
men_clothing,23 varsity skate hoodie,,https://www.off---white.com/en-us/shopping/off-white-23-varsity-skate-hoodie-21833048,https://cdn-images.farfetch-contents.com/off-white-23-varsity-skate-hoodie_21833048_51813102_800.jpg?c=3,$925,$602,In stock,men_clothing.html
men_clothing,23 varsity skate s/s tee,,https://www.off---white.com/en-us/shopping/off-white-23-varsity-skate-s-s-tee-21832112,https://cdn-images.farfetch-contents.com/off-white-23-varsity-skate-s-s-tee_21832112_51812639_800.jpg?c=3,$465,$302,In stock,men_clothing.html
men_clothing,football over hoodie,,https://www.off---white.com/en-us/shopping/off-white-football-over-hoodie-21832122,https://cdn-images.farfetch-contents.com/off-white-football-over-hoodie_21832122_51811031_800.jpg?c=3,"$1,050",$683,In stock,men_clothing.html
men_clothing,leather wool varsity jacket,,https://www.off---white.com/en-us/shopping/off-white-leather-wool-varsity-jacket-21254500,https://cdn-images.farfetch-contents.com/off-white-leather-wool-varsity-jacket_21254500_52255742_800.jpg?c=3,"$3,200",,In stock,men_clothing.html
men_clothing,football ow mesh s/s tee,,https://www.off---white.com/en-us/shopping/off-white-football-ow-mesh-s-s-tee-21832118,https://cdn-images.farfetch-contents.com/off-white-football-ow-mesh-s-s-tee_21832118_52939587_800.jpg?c=3,"$1,050",$683,In stock,men_clothing.html
men_clothing,natlover varsity trackpant,,https://www.off---white.com/en-us/shopping/off-white-natlover-varsity-trackpant-22102466,https://cdn-images.farfetch-contents.com/off-white-natlover-varsity-trackpant_22102466_52360981_800.jpg?c=3,"$1,185",$771,In stock,men_clothing.html
men_clothing,xray denim shirts,,https://www.off---white.com/en-us/shopping/off-white-xray-denim-shirts-22103521,https://cdn-images.farfetch-contents.com/off-white-xray-denim-shirts_22103521_52940401_800.jpg?c=3,"$1,185",$770,In stock,men_clothing.html
men_clothing,xray super baggy jeans,,https://www.off---white.com/en-us/shopping/off-white-xray-super-baggy-jeans-22102690,https://cdn-images.farfetch-contents.com/off-white-xray-super-baggy-jeans_22102690_52940142_800.jpg?c=3,"$1,310",$852,In stock,men_clothing.html
men_clothing,90s logo overshirt,,https://www.off---white.com/en-us/shopping/off-white-90s-logo-overshirt-22103337,https://cdn-images.farfetch-contents.com/off-white-90s-logo-overshirt_22103337_52361879_800.jpg?c=3,"$1,050",$683,In stock,men_clothing.html
men_clothing,cargo pants,,https://www.off---white.com/en-us/shopping/off-white-cargo-pants-22102465,https://cdn-images.farfetch-contents.com/off-white-cargo-pants_22102465_52360970_800.jpg?c=3,$925,$602,In stock,men_clothing.html
men_clothing,natlover leather over varsity,,https://www.off---white.com/en-us/shopping/off-white-natlover-leather-over-varsity-22102582,https://cdn-images.farfetch-contents.com/off-white-natlover-leather-over-varsity_22102582_52361149_800.jpg?c=3,"$4,995",,In stock,men_clothing.html
men_clothing,corp slim jacket,,https://www.off---white.com/en-us/shopping/off-white-corp-slim-jacket-17592984,https://cdn-images.farfetch-contents.com/off-white-corp-slim-jacket_17592984_51799349_800.jpg?c=3,"$1,425",,In stock,men_clothing.html
men_clothing,corp skinny pant,,https://www.off---white.com/en-us/shopping/off-white-corp-skinny-pant-17595174,https://cdn-images.farfetch-contents.com/off-white-corp-skinny-pant_17595174_51799363_800.jpg?c=3,$925,,In stock,men_clothing.html
men_clothing,baseball lea nyl over varsity,,https://www.off---white.com/en-us/shopping/off-white-baseball-lea-nyl-over-varsity-21832146,https://cdn-images.farfetch-contents.com/off-white-baseball-lea-nyl-over-varsity_21832146_52939613_800.jpg?c=3,"$3,250",,In stock,men_clothing.html
men_clothing,skyline knit crewneck,,https://www.off---white.com/en-us/shopping/off-white-skyline-knit-crewneck-22102523,https://cdn-images.farfetch-contents.com/off-white-skyline-knit-crewneck_22102523_52940055_800.jpg?c=3,"$1,250",$813,In stock,men_clothing.html
men_clothing,military overshirt,,https://www.off---white.com/en-us/shopping/off-white-military-overshirt-22103327,https://cdn-images.farfetch-contents.com/off-white-military-overshirt_22103327_52361869_800.jpg?c=3,$925,$602,In stock,men_clothing.html
men_clothing,natlover chunky knit crewneck,,https://www.off---white.com/en-us/shopping/off-white-natlover-chunky-knit-crewneck-22103365,https://cdn-images.farfetch-contents.com/off-white-natlover-chunky-knit-crewneck_22103365_52361932_800.jpg?c=3,"$1,050",$683,In stock,men_clothing.html
men_clothing,arrow bowling shirt,,https://www.off---white.com/en-us/shopping/off-white-arrow-bowling-shirt-22103364,https://cdn-images.farfetch-contents.com/off-white-arrow-bowling-shirt_22103364_52361923_800.jpg?c=3,$600,$390,In stock,men_clothing.html
men_clothing,arrow stripes bowling shirt,,https://www.off---white.com/en-us/shopping/off-white-arrow-stripes-bowling-shirt-22103354,https://cdn-images.farfetch-contents.com/off-white-arrow-stripes-bowling-shirt_22103354_52361890_800.jpg?c=3,$790,$514,In stock,men_clothing.html
men_clothing,arrow stripes shorts,,https://www.off---white.com/en-us/shopping/off-white-arrow-stripes-shorts-22103313,https://cdn-images.farfetch-contents.com/off-white-arrow-stripes-shorts_22103313_52361841_800.jpg?c=3,$790,$514,In stock,men_clothing.html
men_clothing,90slogo denim overshirt,,https://www.off---white.com/en-us/shopping/off-white-90slogo-denim-overshirt-22102696,https://cdn-images.farfetch-contents.com/off-white-90slogo-denim-overshirt_22102696_52361299_800.jpg?c=3,"$1,125",$731,In stock,men_clothing.html
men_clothing,90slogo lea mesh hoodie,,https://www.off---white.com/en-us/shopping/off-white-90slogo-lea-mesh-hoodie-22103435,https://cdn-images.farfetch-contents.com/off-white-90slogo-lea-mesh-hoodie_22103435_52940346_800.jpg?c=3,"$3,200","$2,100",In stock,men_clothing.html
men_clothing,skyline knit vest,,https://www.off---white.com/en-us/shopping/off-white-skyline-knit-vest-22103379,https://cdn-images.farfetch-contents.com/off-white-skyline-knit-vest_22103379_52940333_800.jpg?c=3,"$1,125",$731,In stock,men_clothing.html
men_clothing,natlover lea mesh basket s/s,,https://www.off---white.com/en-us/shopping/off-white-natlover-lea-mesh-basket-s-s-22103438,https://cdn-images.farfetch-contents.com/off-white-natlover-lea-mesh-basket-s-s_22103438_52940354_800.jpg?c=3,"$2,500","$1,635",In stock,men_clothing.html
men_clothing,natlover super baggy jeans,,https://www.off---white.com/en-us/shopping/off-white-natlover-super-baggy-jeans-22103517,https://cdn-images.farfetch-contents.com/off-white-natlover-super-baggy-jeans_22103517_52362348_800.jpg?c=3,"$1,250",$813,In stock,men_clothing.html
men_clothing,stars denim shorts,,https://www.off---white.com/en-us/shopping/off-white-stars-denim-shorts-22103518,https://cdn-images.farfetch-contents.com/off-white-stars-denim-shorts_22103518_52362354_800.jpg?c=3,"$1,125",$732,In stock,men_clothing.html
men_clothing,ironic quote over s/s tee,,https://www.off---white.com/en-us/shopping/off-white-ironic-quote-over-s-s-tee-21832115,https://cdn-images.farfetch-contents.com/off-white-ironic-quote-over-s-s-tee_21832115_51811003_800.jpg?c=3,$380,$247,In stock,men_clothing.html
men_clothing,football over hoodie,,https://www.off---white.com/en-us/shopping/off-white-football-over-hoodie-21833049,https://cdn-images.farfetch-contents.com/off-white-football-over-hoodie_21833049_51811550_800.jpg?c=3,"$1,050",$683,In stock,men_clothing.html
men_clothing,90s logo baggy tapered jeans,,https://www.off---white.com/en-us/shopping/off-white-90s-logo-baggy-tapered-jeans-22103513,https://cdn-images.farfetch-contents.com/off-white-90s-logo-baggy-tapered-jeans_22103513_52362335_800.jpg?c=3,"$1,050",$683,In stock,men_clothing.html
men_clothing,arrow learher trackpant,,https://www.off---white.com/en-us/shopping/off-white-arrow-learher-trackpant-21833055,https://cdn-images.farfetch-contents.com/off-white-arrow-learher-trackpant_21833055_53340851_800.jpg?c=3,"$2,250","$1,463",In stock,men_clothing.html
men_clothing,90s logo bowling shirt,,https://www.off---white.com/en-us/shopping/off-white-90s-logo-bowling-shirt-22103360,https://cdn-images.farfetch-contents.com/off-white-90s-logo-bowling-shirt_22103360_52408409_800.jpg?c=3,$790,$514,In stock,men_clothing.html
men_clothing,bandana bowling shirt,,https://www.off---white.com/en-us/shopping/off-white-bandana-bowling-shirt-22103359,https://cdn-images.farfetch-contents.com/off-white-bandana-bowling-shirt_22103359_52361902_800.jpg?c=3,$895,$582,In stock,men_clothing.html
men_clothing,arrow stripes western shirt,,https://www.off---white.com/en-us/shopping/off-white-arrow-stripes-western-shirt-22103353,https://cdn-images.farfetch-contents.com/off-white-arrow-stripes-western-shirt_22103353_52408358_800.jpg?c=3,$850,$553,In stock,men_clothing.html
men_clothing,corp slim jacket,,https://www.off---white.com/en-us/shopping/off-white-corp-slim-jacket-21519129,https://cdn-images.farfetch-contents.com/off-white-corp-slim-jacket_21519129_47505983_800.jpg?c=3,"$1,525",,In stock,men_clothing.html
men_clothing,skyline leather over varsity,,https://www.off---white.com/en-us/shopping/off-white-skyline-leather-over-varsity-22102584,https://cdn-images.farfetch-contents.com/off-white-skyline-leather-over-varsity_22102584_52361174_800.jpg?c=3,"$4,500","$2,925",In stock,men_clothing.html
men_clothing,varsity net knit tank,,https://www.off---white.com/en-us/shopping/off-white-varsity-net-knit-tank-22102534,https://cdn-images.farfetch-contents.com/off-white-varsity-net-knit-tank_22102534_52940066_800.jpg?c=3,$990,$644,In stock,men_clothing.html
men_clothing,23 pinst buffalo slim pant,,https://www.off---white.com/en-us/shopping/off-white-23-pinst-buffalo-slim-pant-22103326,https://cdn-images.farfetch-contents.com/off-white-23-pinst-buffalo-slim-pant_22103326_52361861_800.jpg?c=3,"$1,450",$943,In stock,men_clothing.html
men_clothing,xray cargo swimshorts,,https://www.off---white.com/en-us/shopping/off-white-xray-cargo-swimshorts-22103350,https://cdn-images.farfetch-contents.com/off-white-xray-cargo-swimshorts_22103350_52940320_800.jpg?c=3,$695,$452,In stock,men_clothing.html
men_clothing,90s logo super baggy jeans,,https://www.off---white.com/en-us/shopping/off-white-90s-logo-super-baggy-jeans-22102689,https://cdn-images.farfetch-contents.com/off-white-90s-logo-super-baggy-jeans_22102689_52361255_800.jpg?c=3,"$1,250",$813,In stock,men_clothing.html
men_clothing,23 logo skate crewneck,,https://www.off---white.com/en-us/shopping/off-white-23-logo-skate-crewneck-21255509,https://cdn-images.farfetch-contents.com/off-white-23-logo-skate-crewneck_21255509_47463004_800.jpg?c=3,$850,$553,In stock,men_clothing.html
men_clothing,bandana viscose shorts,,https://www.off---white.com/en-us/shopping/off-white-bandana-viscose-shorts-22103319,https://cdn-images.farfetch-contents.com/off-white-bandana-viscose-shorts_22103319_52940313_800.jpg?c=3,$895,$582,In stock,men_clothing.html
men_clothing,90slogo linen baggy tapered pants,,https://www.off---white.com/en-us/shopping/off-white-90slogo-linen-baggy-tapered-pants-22103320,https://cdn-images.farfetch-contents.com/off-white-90slogo-linen-baggy-tapered-pants_22103320_52361851_800.jpg?c=3,$790,$514,In stock,men_clothing.html
men_clothing,cryst windows over den shirt,,https://www.off---white.com/en-us/shopping/off-white-cryst-windows-over-den-shirt-21255526,https://cdn-images.farfetch-contents.com/off-white-cryst-windows-over-den-shirt_21255526_52939559_800.jpg?c=3,"$1,995","$1,297",In stock,men_clothing.html
men_clothing,cryst windows crop flare jeans,,https://www.off---white.com/en-us/shopping/off-white-cryst-windows-crop-flare-jeans-21255525,https://cdn-images.farfetch-contents.com/off-white-cryst-windows-crop-flare-jeans_21255525_52939553_800.jpg?c=3,"$2,180","$1,417",In stock,men_clothing.html
men_clothing,formal varsity drywo buffalo,,https://www.off---white.com/en-us/shopping/off-white-formal-varsity-drywo-buffalo-21832125,https://cdn-images.farfetch-contents.com/off-white-formal-varsity-drywo-buffalo_21832125_52939594_800.jpg?c=3,"$1,250",$813,In stock,men_clothing.html
men_clothing,buckles cargo pant,,https://www.off---white.com/en-us/shopping/off-white-buckles-cargo-pant-21832123,https://cdn-images.farfetch-contents.com/off-white-buckles-cargo-pant_21832123_51812689_800.jpg?c=3,"$1,450",$943,In stock,men_clothing.html
men_clothing,90s logo padded jacket,,https://www.off---white.com/en-us/shopping/off-white-90s-logo-padded-jacket-21832126,https://cdn-images.farfetch-contents.com/off-white-90s-logo-padded-jacket_21832126_51812710_800.jpg?c=3,"$1,915","$1,245",In stock,men_clothing.html
men_clothing,baseball cot s/s shirt,,https://www.off---white.com/en-us/shopping/off-white-baseball-cot-s-s-shirt-21833050,https://cdn-images.farfetch-contents.com/off-white-baseball-cot-s-s-shirt_21833050_52939879_800.jpg?c=3,$895,$582,In stock,men_clothing.html
men_clothing,xray denim shorts,,https://www.off---white.com/en-us/shopping/off-white-xray-denim-shorts-22102695,https://cdn-images.farfetch-contents.com/off-white-xray-denim-shorts_22102695_52940167_800.jpg?c=3,$925,$602,In stock,men_clothing.html
men_clothing,bandana arrow hoodie,,https://www.off---white.com/en-us/shopping/off-white-bandana-arrow-hoodie-22103310,https://cdn-images.farfetch-contents.com/off-white-bandana-arrow-hoodie_22103310_52361806_800.jpg?c=3,"$1,250",$813,In stock,men_clothing.html
men_clothing,bandana bowling shirt,,https://www.off---white.com/en-us/shopping/off-white-bandana-bowling-shirt-22102517,https://cdn-images.farfetch-contents.com/off-white-bandana-bowling-shirt_22102517_52859346_800.jpg?c=3,$895,$582,In stock,men_clothing.html
men_clothing,natlover lea mesh basket short,,https://www.off---white.com/en-us/shopping/off-white-natlover-lea-mesh-basket-short-22102585,https://cdn-images.farfetch-contents.com/off-white-natlover-lea-mesh-basket-short_22102585_52940077_800.jpg?c=3,"$1,915","$1,246",In stock,men_clothing.html
men_clothing,natlover denim over hooded jacket,,https://www.off---white.com/en-us/shopping/off-white-natlover-denim-over-hooded-jacket-22102697,https://cdn-images.farfetch-contents.com/off-white-natlover-denim-over-hooded-jacket_22102697_52361308_800.jpg?c=3,"$1,710","$1,112",In stock,men_clothing.html
men_clothing,bandana arrow s/s tee,,https://www.off---white.com/en-us/shopping/off-white-bandana-arrow-s-s-tee-22103309,https://cdn-images.farfetch-contents.com/off-white-bandana-arrow-s-s-tee_22103309_52361791_800.jpg?c=3,$655,$426,In stock,men_clothing.html
men_clothing,arrow surfer swimshirt,,https://www.off---white.com/en-us/shopping/off-white-arrow-surfer-swimshirt-22103349,https://cdn-images.farfetch-contents.com/off-white-arrow-surfer-swimshirt_22103349_52408331_800.jpg?c=3,$465,$302,In stock,men_clothing.html
men_clothing,bandana shorts,,https://www.off---white.com/en-us/shopping/off-white-bandana-shorts-22103312,https://cdn-images.farfetch-contents.com/off-white-bandana-shorts_22103312_52361833_800.jpg?c=3,$895,$582,In stock,men_clothing.html
men_clothing,bandana surfer swimshorts,,https://www.off---white.com/en-us/shopping/off-white-bandana-surfer-swimshorts-22102498,https://cdn-images.farfetch-contents.com/off-white-bandana-surfer-swimshorts_22102498_52408257_800.jpg?c=3,$655,$426,In stock,men_clothing.html
men_clothing,bandana surfer swimshorts,,https://www.off---white.com/en-us/shopping/off-white-bandana-surfer-swimshorts-22102499,https://cdn-images.farfetch-contents.com/off-white-bandana-surfer-swimshorts_22102499_52360995_800.jpg?c=3,$655,$426,In stock,men_clothing.html
men_clothing,mid bookish calf socks,,https://www.off---white.com/en-us/shopping/off-white-mid-bookish-calf-socks-22103510,https://cdn-images.farfetch-contents.com/off-white-mid-bookish-calf-socks_22103510_52362317_800.jpg?c=3,$115,$75,In stock,men_clothing.html
men_clothing,bandana arrow crewneck,,https://www.off---white.com/en-us/shopping/off-white-bandana-arrow-crewneck-22102456,https://cdn-images.farfetch-contents.com/off-white-bandana-arrow-crewneck_22102456_52360957_800.jpg?c=3,"$1,125",$732,In stock,men_clothing.html
men_clothing,bandana arrow s/s tee,,https://www.off---white.com/en-us/shopping/off-white-bandana-arrow-s-s-tee-22102455,https://cdn-images.farfetch-contents.com/off-white-bandana-arrow-s-s-tee_22102455_52360943_800.jpg?c=3,$655,$426,In stock,men_clothing.html
men_clothing,23 bandana socks,,https://www.off---white.com/en-us/shopping/off-white-23-bandana-socks-21833066,https://cdn-images.farfetch-contents.com/off-white-23-bandana-socks_21833066_51811597_800.jpg?c=3,$130,$85,In stock,men_clothing.html
men_clothing,tattoo all over loose jeans,,https://www.off---white.com/en-us/shopping/off-white-tattoo-all-over-loose-jeans-21832171,https://cdn-images.farfetch-contents.com/off-white-tattoo-all-over-loose-jeans_21832171_52255357_800.jpg?c=3,"$1,450",$943,In stock,men_clothing.html
men_clothing,tattoo arrow skate s/s tee,,https://www.off---white.com/en-us/shopping/off-white-tattoo-arrow-skate-s-s-tee-21833045,https://cdn-images.farfetch-contents.com/off-white-tattoo-arrow-skate-s-s-tee_21833045_51813071_800.jpg?c=3,$655,$426,In stock,men_clothing.html
men_clothing,tattoo bandana arrow skate hoodie,,https://www.off---white.com/en-us/shopping/off-white-tattoo-bandana-arrow-skate-hoodie-21833047,https://cdn-images.farfetch-contents.com/off-white-tattoo-bandana-arrow-skate-hoodie_21833047_51813089_800.jpg?c=3,"$1,520",$988,In stock,men_clothing.html
men_clothing,tattoo all over cardigan,,https://www.off---white.com/en-us/shopping/off-white-tattoo-all-over-cardigan-21832131,https://cdn-images.farfetch-contents.com/off-white-tattoo-all-over-cardigan_21832131_52939608_800.jpg?c=3,"$1,310",$852,In stock,men_clothing.html
men_clothing,bandana socks,,https://www.off---white.com/en-us/shopping/off-white-bandana-socks-21832168,https://cdn-images.farfetch-contents.com/off-white-bandana-socks_21832168_51812854_800.jpg?c=3,$130,$85,In stock,men_clothing.html
men_clothing,23 pinst wo buffalo slim jacket,,https://www.off---white.com/en-us/shopping/off-white-23-pinst-wo-buffalo-slim-jacket-22102478,https://cdn-images.farfetch-contents.com/off-white-23-pinst-wo-buffalo-slim-jacket_22102478_52408243_800.jpg?c=3,"$2,180","$1,417",In stock,men_clothing.html
men_clothing,xray chiffon bowling shirt,,https://www.off---white.com/en-us/shopping/off-white-xray-chiffon-bowling-shirt-21832129,https://cdn-images.farfetch-contents.com/off-white-xray-chiffon-bowling-shirt_21832129_51812716_800.jpg?c=3,$850,$553,In stock,men_clothing.html
men_clothing,bookish socks,,https://www.off---white.com/en-us/shopping/off-white-bookish-socks-21832169,https://cdn-images.farfetch-contents.com/off-white-bookish-socks_21832169_51811262_800.jpg?c=3,$115,$75,In stock,men_clothing.html
men_clothing,formal varsity country jacket,,https://www.off---white.com/en-us/shopping/off-white-formal-varsity-country-jacket-21832127,https://cdn-images.farfetch-contents.com/off-white-formal-varsity-country-jacket_21832127_52255323_800.jpg?c=3,"$2,970","$1,937",In stock,men_clothing.html
men_clothing,off stamp swimshorts,,https://www.off---white.com/en-us/shopping/off-white-off-stamp-swimshorts-21832128,https://cdn-images.farfetch-contents.com/off-white-off-stamp-swimshorts_21832128_52309983_800.jpg?c=3,$525,,In stock,men_clothing.html
men_clothing,23 varsity skate hoodie,,https://www.off---white.com/en-us/shopping/off-white-23-varsity-skate-hoodie-21832120,https://cdn-images.farfetch-contents.com/off-white-23-varsity-skate-hoodie_21832120_51812677_800.jpg?c=3,$925,$602,In stock,men_clothing.html
men_clothing,stamp mary over s/s tee,,https://www.off---white.com/en-us/shopping/off-white-stamp-mary-over-s-s-tee-21832117,https://cdn-images.farfetch-contents.com/off-white-stamp-mary-over-s-s-tee_21832117_51812658_800.jpg?c=3,$600,$390,In stock,men_clothing.html
men_clothing,off stamp hybr nylon hoodie,,https://www.off---white.com/en-us/shopping/off-white-off-stamp-hybr-nylon-hoodie-21832124,https://cdn-images.farfetch-contents.com/off-white-off-stamp-hybr-nylon-hoodie_21832124_51812697_800.jpg?c=3,"$1,310",$852,In stock,men_clothing.html
men_clothing,ironic quote over s/s tee,,https://www.off---white.com/en-us/shopping/off-white-ironic-quote-over-s-s-tee-21832116,https://cdn-images.farfetch-contents.com/off-white-ironic-quote-over-s-s-tee_21832116_51811017_800.jpg?c=3,$380,$247,In stock,men_clothing.html
men_clothing,23 varsity skate s/s tee,,https://www.off---white.com/en-us/shopping/off-white-23-varsity-skate-s-s-tee-21832113,https://cdn-images.farfetch-contents.com/off-white-23-varsity-skate-s-s-tee_21832113_51810988_800.jpg?c=3,$465,$302,In stock,men_clothing.html
men_clothing,ironic quote over crewneck,,https://www.off---white.com/en-us/shopping/off-white-ironic-quote-over-crewneck-21832119,https://cdn-images.farfetch-contents.com/off-white-ironic-quote-over-crewneck_21832119_51812669_800.jpg?c=3,$655,$426,In stock,men_clothing.html
men_clothing,tattoo bandana arrow skate s/s,,https://www.off---white.com/en-us/shopping/off-white-tattoo-bandana-arrow-skate-s-s-21832111,https://cdn-images.farfetch-contents.com/off-white-tattoo-bandana-arrow-skate-s-s_21832111_51810969_800.jpg?c=3,$925,$602,In stock,men_clothing.html
men_clothing,windows buttdown s/s shirt,,https://www.off---white.com/en-us/shopping/off-white-windows-buttdown-s-s-shirt-21256048,https://cdn-images.farfetch-contents.com/off-white-windows-buttdown-s-s-shirt_21256048_47463061_800.jpg?c=3,$655,$426,In stock,men_clothing.html
men_clothing,tattoo all over skate hoodie,,https://www.off---white.com/en-us/shopping/off-white-tattoo-all-over-skate-hoodie-21832121,https://cdn-images.farfetch-contents.com/off-white-tattoo-all-over-skate-hoodie_21832121_52255302_800.jpg?c=3,"$1,520",$988,In stock,men_clothing.html
men_clothing,23 logo overshirt,,https://www.off---white.com/en-us/shopping/off-white-23-logo-overshirt-21256046,https://cdn-images.farfetch-contents.com/off-white-23-logo-overshirt_21256046_47463056_800.jpg?c=3,$990,$644,In stock,men_clothing.html
men_clothing,ow maxi logo knit crewneck,,https://www.off---white.com/en-us/shopping/off-white-ow-maxi-logo-knit-crewneck-21255520,https://cdn-images.farfetch-contents.com/off-white-ow-maxi-logo-knit-crewneck_21255520_51795115_800.jpg?c=3,$990,,In stock,men_clothing.html
men_clothing,ow 23 skate s/s tee,,https://www.off---white.com/en-us/shopping/off-white-ow-23-skate-s-s-tee-21256045,https://cdn-images.farfetch-contents.com/off-white-ow-23-skate-s-s-tee_21256045_47462495_800.jpg?c=3,$395,$257,In stock,men_clothing.html
men_clothing,arrow padded coat,,https://www.off---white.com/en-us/shopping/off-white-arrow-padded-coat-21255517,https://cdn-images.farfetch-contents.com/off-white-arrow-padded-coat_21255517_51795098_800.jpg?c=3,"$1,995","$1,297",In stock,men_clothing.html
men_clothing,tattoo smoking double-breasted jacket,,https://www.off---white.com/en-us/shopping/off-white-tattoo-smoking-double-breasted-jacket-21255518,https://cdn-images.farfetch-contents.com/off-white-tattoo-smoking-double-breasted-jacket_21255518_47462467_800.jpg?c=3,"$2,500","$1,625",In stock,men_clothing.html
men_clothing,wool varsity bomber,,https://www.off---white.com/en-us/shopping/off-white-wool-varsity-bomber-21255516,https://cdn-images.farfetch-contents.com/off-white-wool-varsity-bomber_21255516_51795092_800.jpg?c=3,"$2,250",,In stock,men_clothing.html
men_clothing,23 logo skate hoodie,,https://www.off---white.com/en-us/shopping/off-white-23-logo-skate-hoodie-21255510,https://cdn-images.farfetch-contents.com/off-white-23-logo-skate-hoodie_21255510_47463008_800.jpg?c=3,$990,$644,In stock,men_clothing.html
men_clothing,23 logo slim s/s tee,,https://www.off---white.com/en-us/shopping/off-white-23-logo-slim-s-s-tee-21255505,https://cdn-images.farfetch-contents.com/off-white-23-logo-slim-s-s-tee_21255505_47460997_800.jpg?c=3,$520,$338,In stock,men_clothing.html
men_clothing,bacchus skate hoodie,,https://www.off---white.com/en-us/shopping/off-white-bacchus-skate-hoodie-21255513,https://cdn-images.farfetch-contents.com/off-white-bacchus-skate-hoodie_21255513_47463014_800.jpg?c=3,$990,$644,In stock,men_clothing.html
men_clothing,bacchus skate s/s tee,,https://www.off---white.com/en-us/shopping/off-white-bacchus-skate-s-s-tee-21255508,https://cdn-images.farfetch-contents.com/off-white-bacchus-skate-s-s-tee_21255508_47463002_800.jpg?c=3,$550,$358,In stock,men_clothing.html
men_clothing,check hooded shirt,,https://www.off---white.com/en-us/shopping/off-white-check-hooded-shirt-21254498,https://cdn-images.farfetch-contents.com/off-white-check-hooded-shirt_21254498_53739585_800.jpg?c=3,$990,,In stock,men_clothing.html
men_clothing,23 logo slim s/s tee,,https://www.off---white.com/en-us/shopping/off-white-23-logo-slim-s-s-tee-21255504,https://cdn-images.farfetch-contents.com/off-white-23-logo-slim-s-s-tee_21255504_47462436_800.jpg?c=3,$520,$338,In stock,men_clothing.html
men_clothing,ow summer s/s shirt,,https://www.off---white.com/en-us/shopping/off-white-ow-summer-s-s-shirt-21254499,https://cdn-images.farfetch-contents.com/off-white-ow-summer-s-s-shirt_21254499_51795045_800.jpg?c=3,$600,,In stock,men_clothing.html
men_clothing,ow smoking pant,,https://www.off---white.com/en-us/shopping/off-white-ow-smoking-pant-21255514,https://cdn-images.farfetch-contents.com/off-white-ow-smoking-pant_21255514_47463017_800.jpg?c=3,"$1,250",$813,In stock,men_clothing.html
men_clothing,s.matthew skate s/s tee,,https://www.off---white.com/en-us/shopping/off-white-s-matthew-skate-s-s-tee-21254495,https://cdn-images.farfetch-contents.com/off-white-s-matthew-skate-s-s-tee_21254495_53739550_800.jpg?c=3,$495,,In stock,men_clothing.html
men_clothing,arrow surfer swimshirt,,https://www.off---white.com/en-us/shopping/off-white-arrow-surfer-swimshirt-22103348,https://cdn-images.farfetch-contents.com/off-white-arrow-surfer-swimshirt_22103348_52408311_800.jpg?c=3,$465,$302,In stock,men_clothing.html
men_clothing,off stamp swimshorts,,https://www.off---white.com/en-us/shopping/off-white-off-stamp-swimshorts-22102500,https://cdn-images.farfetch-contents.com/off-white-off-stamp-swimshorts_22102500_52940045_800.jpg?c=3,$525,$341,In stock,men_clothing.html
men_clothing,flower scan arr slim s/s tee,,https://www.off---white.com/en-us/shopping/off-white-flower-scan-arr-slim-s-s-tee-21832108,https://cdn-images.farfetch-contents.com/off-white-flower-scan-arr-slim-s-s-tee_21832108_52939574_800.jpg?c=3,$600,$390,In stock,men_clothing.html
men_clothing,natlover varsity tracktop,,https://www.off---white.com/en-us/shopping/off-white-natlover-varsity-tracktop-22103311,https://cdn-images.farfetch-contents.com/off-white-natlover-varsity-tracktop_22103311_52361818_800.jpg?c=3,"$1,915","$1,231",In stock,men_clothing.html
men_clothing,natlover chunky knit crewneck,,https://www.off---white.com/en-us/shopping/off-white-natlover-chunky-knit-crewneck-22102521,https://cdn-images.farfetch-contents.com/off-white-natlover-chunky-knit-crewneck_22102521_52408287_800.jpg?c=3,"$1,050",$683,In stock,men_clothing.html
men_clothing,corp skinny pant,,https://www.off---white.com/en-us/shopping/off-white-corp-skinny-pant-21519128,https://cdn-images.farfetch-contents.com/off-white-corp-skinny-pant_21519128_47505975_800.jpg?c=3,$855,,In stock,men_clothing.html
men_clothing,big bookish skate s/s tee,,https://www.off---white.com/en-us/shopping/off-white-big-bookish-skate-s-s-tee-20191132,https://cdn-images.farfetch-contents.com/off-white-big-bookish-skate-s-s-tee_20191132_51794804_800.jpg?c=3,$465,,In stock,men_clothing.html
men_clothing,cryst moon phase vars knit ca sierra leo,,https://www.off---white.com/en-us/shopping/off-white-cryst-moon-phase-vars-knit-ca-sierra-leo-20534629,https://cdn-images.farfetch-contents.com/off-white-cryst-moon-phase-vars-knit-ca-sierra-leo_20534629_45580120_800.jpg?c=3,"$3,890","$2,547",In stock,men_clothing.html
men_clothing,craq leather biker,,https://www.off---white.com/en-us/shopping/off-white-craq-leather-biker-21832147,https://cdn-images.farfetch-contents.com/off-white-craq-leather-biker_21832147_48267807_800.jpg?c=3,"$3,915","$2,545",In stock,men_clothing.html
men_clothing,moon phase vars field jacket,,https://www.off---white.com/en-us/shopping/off-white-moon-phase-vars-field-jacket-20535209,https://cdn-images.farfetch-contents.com/off-white-moon-phase-vars-field-jacket_20535209_51769822_800.jpg?c=3,"$2,900",,In stock,men_clothing.html
men_clothing,arr emb bomber,,https://www.off---white.com/en-us/shopping/off-white-arr-emb-bomber-20533987,https://cdn-images.farfetch-contents.com/off-white-arr-emb-bomber_20533987_51810855_800.jpg?c=3,"$2,455",,In stock,men_clothing.html
men_clothing,stitch arr diags knit crewne beige  blac,,https://www.off---white.com/en-us/shopping/off-white-stitch-arr-diags-knit-crewne-beige-blac-20188940,https://cdn-images.farfetch-contents.com/off-white-stitch-arr-diags-knit-crewne-beige-blac_20188940_45525812_800.jpg?c=3,"$1,190",$774,In stock,men_clothing.html
men_clothing,check padded overshirt,,https://www.off---white.com/en-us/shopping/off-white-check-padded-overshirt-21254496,https://cdn-images.farfetch-contents.com/off-white-check-padded-overshirt_21254496_51795019_800.jpg?c=3,"$1,720","$1,118",In stock,men_clothing.html
men_clothing,moon phase lea sle var,,https://www.off---white.com/en-us/shopping/off-white-moon-phase-lea-sle-var-20188950,https://cdn-images.farfetch-contents.com/off-white-moon-phase-lea-sle-var_20188950_45583158_800.jpg?c=3,"$5,925",,In stock,men_clothing.html
men_clothing,ow emb nyl cargo pant,,https://www.off---white.com/en-us/shopping/off-white-ow-emb-nyl-cargo-pant-20534626,https://cdn-images.farfetch-contents.com/off-white-ow-emb-nyl-cargo-pant_20534626_51799373_800.jpg?c=3,$995,,In stock,men_clothing.html
men_clothing,ow emb drill cargo pant,,https://www.off---white.com/en-us/shopping/off-white-ow-emb-drill-cargo-pant-20534624,https://cdn-images.farfetch-contents.com/off-white-ow-emb-drill-cargo-pant_20534624_51794927_800.jpg?c=3,$925,,In stock,men_clothing.html
men_clothing,off ao bouclé over hoodie,,https://www.off---white.com/en-us/shopping/off-white-off-ao-boucle-over-hoodie-20188912,https://cdn-images.farfetch-contents.com/off-white-off-ao-boucle-over-hoodie_20188912_45525740_800.jpg?c=3,"$1,520",,In stock,men_clothing.html
men_clothing,ow emb drywo tailor pant,,https://www.off---white.com/en-us/shopping/off-white-ow-emb-drywo-tailor-pant-20188920,https://cdn-images.farfetch-contents.com/off-white-ow-emb-drywo-tailor-pant_20188920_47397596_800.jpg?c=3,$990,,In stock,men_clothing.html
men_clothing,off ao bouclé casual pant,,https://www.off---white.com/en-us/shopping/off-white-off-ao-boucle-casual-pant-20188921,https://cdn-images.farfetch-contents.com/off-white-off-ao-boucle-casual-pant_20188921_45524552_800.jpg?c=3,$990,,In stock,men_clothing.html
men_clothing,3d diags knit crewneck,,https://www.off---white.com/en-us/shopping/off-white-3d-diags-knit-crewneck-20535219,https://cdn-images.farfetch-contents.com/off-white-3d-diags-knit-crewneck_20535219_46191311_800.jpg?c=3,"$1,120",,In stock,men_clothing.html
men_clothing,arrow tab over den jacket,,https://www.off---white.com/en-us/shopping/off-white-arrow-tab-over-den-jacket-20190358,https://cdn-images.farfetch-contents.com/off-white-arrow-tab-over-den-jacket_20190358_51794796_800.jpg?c=3,"$1,060",,In stock,men_clothing.html
men_clothing,arr tab zip det skate jeans,,https://www.off---white.com/en-us/shopping/off-white-arr-tab-zip-det-skate-jeans-20191163,https://cdn-images.farfetch-contents.com/off-white-arr-tab-zip-det-skate-jeans_20191163_51794847_800.jpg?c=3,$865,,In stock,men_clothing.html
men_clothing,arr tab tapered jeans,,https://www.off---white.com/en-us/shopping/off-white-arr-tab-tapered-jeans-20188963,https://cdn-images.farfetch-contents.com/off-white-arr-tab-tapered-jeans_20188963_45924376_800.jpg?c=3,$630,,In stock,men_clothing.html
men_clothing,onthego lea sle varsity,,https://www.off---white.com/en-us/shopping/off-white-onthego-lea-sle-varsity-20191156,https://cdn-images.farfetch-contents.com/off-white-onthego-lea-sle-varsity_20191156_45584052_800.jpg?c=3,"$3,755",,In stock,men_clothing.html
men_clothing,big logo bksh mid calf socks,,https://www.off---white.com/en-us/shopping/off-white-big-logo-bksh-mid-calf-socks-20535199,https://cdn-images.farfetch-contents.com/off-white-big-logo-bksh-mid-calf-socks_20535199_47397644_800.jpg?c=3,$115,,In stock,men_clothing.html
men_clothing,check shirt,,https://www.off---white.com/en-us/shopping/off-white-check-shirt-21254497,https://cdn-images.farfetch-contents.com/off-white-check-shirt_21254497_53739576_800.jpg?c=3,$925,,In stock,men_clothing.html
men_clothing,off ao swimshorts,,https://www.off---white.com/en-us/shopping/off-white-off-ao-swimshorts-20191149,https://cdn-images.farfetch-contents.com/off-white-off-ao-swimshorts_20191149_46003866_800.jpg?c=3,$660,,In stock,men_clothing.html
men_clothing,big bookish chunky knit crewneck,,https://www.off---white.com/en-us/shopping/off-white-big-bookish-chunky-knit-crewneck-20191169,https://cdn-images.farfetch-contents.com/off-white-big-bookish-chunky-knit-crewneck_20191169_51794864_800.jpg?c=3,$925,,In stock,men_clothing.html
men_clothing,big bookish skate hoodie,,https://www.off---white.com/en-us/shopping/off-white-big-bookish-skate-hoodie-21255511,https://cdn-images.farfetch-contents.com/off-white-big-bookish-skate-hoodie_21255511_51831389_800.jpg?c=3,$730,,In stock,men_clothing.html
men_clothing,off stamp skate hoodie,,https://www.off---white.com/en-us/shopping/off-white-off-stamp-skate-hoodie-20191139,https://cdn-images.farfetch-contents.com/off-white-off-stamp-skate-hoodie_20191139_51794822_800.jpg?c=3,$790,,In stock,men_clothing.html
men_clothing,check flann padded overshirt dark blue b,,https://www.off---white.com/en-us/shopping/off-white-check-flann-padded-overshirt-dark-blue-b-20188926,https://cdn-images.farfetch-contents.com/off-white-check-flann-padded-overshirt-dark-blue-b_20188926_45525778_800.jpg?c=3,"$1,705","$1,105",In stock,men_clothing.html
men_clothing,arr surfer swimshorts,,https://www.off---white.com/en-us/shopping/off-white-arr-surfer-swimshorts-20190268,https://cdn-images.farfetch-contents.com/off-white-arr-surfer-swimshorts_20190268_46004448_800.jpg?c=3,$465,,In stock,men_clothing.html
men_clothing,off stamp skate s/s tee,,https://www.off---white.com/en-us/shopping/off-white-off-stamp-skate-s-s-tee-21256044,https://cdn-images.farfetch-contents.com/off-white-off-stamp-skate-s-s-tee_21256044_54011639_800.jpg?c=3,$350,,In stock,men_clothing.html
men_clothing,off ao jacquard silkcot pajama pant,,https://www.off---white.com/en-us/shopping/off-white-off-ao-jacquard-silkcot-pajama-pant-20189904,https://cdn-images.farfetch-contents.com/off-white-off-ao-jacquard-silkcot-pajama-pant_20189904_45580991_800.jpg?c=3,"$1,310",,In stock,men_clothing.html
men_clothing,mohair arrow knit crewneck,,https://www.off---white.com/en-us/shopping/off-white-mohair-arrow-knit-crewneck-20191170,https://cdn-images.farfetch-contents.com/off-white-mohair-arrow-knit-crewneck_20191170_51794875_800.jpg?c=3,"$1,190",,In stock,men_clothing.html
men_clothing,graphics leather varsity,,https://www.off---white.com/en-us/shopping/off-white-graphics-leather-varsity-18536196,https://cdn-images.farfetch-contents.com/off-white-graphics-leather-varsity_18536196_42688817_800.jpg?c=3,"$3,335",,In stock,men_clothing.html
men_clothing,off-white™️logic slim s/s tee,,https://www.off---white.com/en-us/shopping/off-white-off-whitelogic-slim-s-s-tee-22076034,https://cdn-images.farfetch-contents.com/off-white-off-whitelogic-slim-s-s-tee_22076034_52127002_800.jpg?c=3,$450,,In stock,men_clothing.html
men_clothing,off-white™️logic varsity jacket,,https://www.off---white.com/en-us/shopping/off-white-off-whitelogic-varsity-jacket-22075411,https://cdn-images.farfetch-contents.com/off-white-off-whitelogic-varsity-jacket_22075411_52126991_800.jpg?c=3,"$4,950",,In stock,men_clothing.html
men_clothing,off-white™️logic skate hoodie,,https://www.off---white.com/en-us/shopping/off-white-off-whitelogic-skate-hoodie-22075409,https://cdn-images.farfetch-contents.com/off-white-off-whitelogic-skate-hoodie_22075409_52126966_800.jpg?c=3,$695,,In stock,men_clothing.html
men_clothing,off-white™️logic slim s/s tee,,https://www.off---white.com/en-us/shopping/off-white-off-whitelogic-slim-s-s-tee-22075407,https://cdn-images.farfetch-contents.com/off-white-off-whitelogic-slim-s-s-tee_22075407_52126950_800.jpg?c=3,$450,,In stock,men_clothing.html
men_clothing,off-white™️logic patch varsity jacket,,https://www.off---white.com/en-us/shopping/off-white-off-whitelogic-patch-varsity-jacket-22074716,https://cdn-images.farfetch-contents.com/off-white-off-whitelogic-patch-varsity-jacket_22074716_52144971_800.jpg?c=3,"$3,450",,In stock,men_clothing.html
men_clothing,arrow skate s/s tee,,https://www.off---white.com/en-us/shopping/off-white-arrow-skate-s-s-tee-23771297,https://cdn-images.farfetch-contents.com/off-white-arrow-skate-s-s-tee_23771297_53947685_800.jpg?c=3,$435,,In stock,men_clothing.html
men_clothing,outline arrow linen bowling shirt,,https://www.off---white.com/en-us/shopping/off-white-outline-arrow-linen-bowling-shirt-23771298,https://cdn-images.farfetch-contents.com/off-white-outline-arrow-linen-bowling-shirt_23771298_53947798_800.jpg?c=3,$785,,In stock,men_clothing.html
men_clothing,arrow sweatshorts,,https://www.off---white.com/en-us/shopping/off-white-arrow-sweatshorts-23771299,https://cdn-images.farfetch-contents.com/off-white-arrow-sweatshorts_23771299_53947853_800.jpg?c=3,$525,,In stock,men_clothing.html
men_clothing,gradient bowling shirt,,https://www.off---white.com/en-us/shopping/off-white-gradient-bowling-shirt-23771300,https://cdn-images.farfetch-contents.com/off-white-gradient-bowling-shirt_23771300_53947939_800.jpg?c=3,$790,,In stock,men_clothing.html
men_clothing,off terry bowling short,,https://www.off---white.com/en-us/shopping/off-white-off-terry-bowling-short-23769320,https://cdn-images.farfetch-contents.com/off-white-off-terry-bowling-short_23769320_53947106_800.jpg?c=3,$600,,In stock,men_clothing.html
men_clothing,outline arrow linen short,,https://www.off---white.com/en-us/shopping/off-white-outline-arrow-linen-short-23769319,https://cdn-images.farfetch-contents.com/off-white-outline-arrow-linen-short_23769319_53947092_800.jpg?c=3,$655,,In stock,men_clothing.html
men_clothing,off terry bowling shirt,,https://www.off---white.com/en-us/shopping/off-white-off-terry-bowling-shirt-23769321,https://cdn-images.farfetch-contents.com/off-white-off-terry-bowling-shirt_23769321_53947141_800.jpg?c=3,$785,,In stock,men_clothing.html
men_clothing,arrow skate hoodie,,https://www.off---white.com/en-us/shopping/off-white-arrow-skate-hoodie-23771301,https://cdn-images.farfetch-contents.com/off-white-arrow-skate-hoodie_23771301_53948033_800.jpg?c=3,$790,,In stock,men_clothing.html
men_clothing,gradient swimshorts,,https://www.off---white.com/en-us/shopping/off-white-gradient-swimshorts-23769322,https://cdn-images.farfetch-contents.com/off-white-gradient-swimshorts_23769322_53947171_800.jpg?c=3,$600,,In stock,men_clothing.html
men_clothing,tattoo all over skate s/s tee,,https://www.off---white.com/en-us/shopping/off-white-tattoo-all-over-skate-s-s-tee-21832114,https://cdn-images.farfetch-contents.com/off-white-tattoo-all-over-skate-s-s-tee_21832114_51812644_800.jpg?c=3,"$1,050",$683,In stock,men_clothing.html
men_clothing,ow emb drill cargo pant,,https://www.off---white.com/en-us/shopping/off-white-ow-emb-drill-cargo-pant-22442153,https://cdn-images.farfetch-contents.com/off-white-ow-emb-drill-cargo-pant_22442153_53975048_800.jpg?c=3,$895,,In stock,men_clothing.html
men_clothing,college skate hoodie,,https://www.off---white.com/en-us/shopping/off-white-college-skate-hoodie-23346711,https://cdn-images.farfetch-contents.com/off-white-college-skate-hoodie_23346711_53850396_800.jpg?c=3,$795,,In stock,men_clothing.html
men_clothing,quote mid calf knit socks,,https://www.off---white.com/en-us/shopping/off-white-quote-mid-calf-knit-socks-23348181,https://cdn-images.farfetch-contents.com/off-white-quote-mid-calf-knit-socks_23348181_53742191_800.jpg?c=3,$130,,In stock,men_clothing.html
men_clothing,off ao jacq silkcot holiday s,,https://www.off---white.com/en-us/shopping/off-white-off-ao-jacq-silkcot-holiday-s-22564805,https://cdn-images.farfetch-contents.com/off-white-off-ao-jacq-silkcot-holiday-s_22564805_53740282_800.jpg?c=3,$895,,In stock,men_clothing.html
men_clothing,mid offwhite calf knit socks,,https://www.off---white.com/en-us/shopping/off-white-mid-offwhite-calf-knit-socks-23348182,https://cdn-images.farfetch-contents.com/off-white-mid-offwhite-calf-knit-socks_23348182_53851041_800.jpg?c=3,$130,,In stock,men_clothing.html
men_clothing,shared logo skate s/s tee,,https://www.off---white.com/en-us/shopping/off-white-shared-logo-skate-s-s-tee-23346705,https://cdn-images.farfetch-contents.com/off-white-shared-logo-skate-s-s-tee_23346705_53740918_800.jpg?c=3,$495,,In stock,men_clothing.html
men_clothing,outline arrow skate s/s tee,,https://www.off---white.com/en-us/shopping/off-white-outline-arrow-skate-s-s-tee-23348172,https://cdn-images.farfetch-contents.com/off-white-outline-arrow-skate-s-s-tee_23348172_53850880_800.jpg?c=3,$450,,In stock,men_clothing.html
men_clothing,off stamp ao swimshorts,,https://www.off---white.com/en-us/shopping/off-white-off-stamp-ao-swimshorts-23346669,https://cdn-images.farfetch-contents.com/off-white-off-stamp-ao-swimshorts_23346669_53740387_800.jpg?c=3,$650,,In stock,men_clothing.html
men_clothing,shared logo skate hoodie,,https://www.off---white.com/en-us/shopping/off-white-shared-logo-skate-hoodie-23346710,https://cdn-images.farfetch-contents.com/off-white-shared-logo-skate-hoodie_23346710_53850374_800.jpg?c=3,$895,,In stock,men_clothing.html
men_clothing,shared logo skate hoodie,,https://www.off---white.com/en-us/shopping/off-white-shared-logo-skate-hoodie-23346709,https://cdn-images.farfetch-contents.com/off-white-shared-logo-skate-hoodie_23346709_53850327_800.jpg?c=3,$895,,In stock,men_clothing.html
men_clothing,college skate s/s tee,,https://www.off---white.com/en-us/shopping/off-white-college-skate-s-s-tee-23346708,https://cdn-images.farfetch-contents.com/off-white-college-skate-s-s-tee_23346708_53850323_800.jpg?c=3,$395,,In stock,men_clothing.html
men_clothing,type ao visc bowling shirt,,https://www.off---white.com/en-us/shopping/off-white-type-ao-visc-bowling-shirt-23348175,https://cdn-images.farfetch-contents.com/off-white-type-ao-visc-bowling-shirt_23348175_53851435_800.jpg?c=3,$750,,In stock,men_clothing.html
men_clothing,college skate s/s tee,,https://www.off---white.com/en-us/shopping/off-white-college-skate-s-s-tee-23346707,https://cdn-images.farfetch-contents.com/off-white-college-skate-s-s-tee_23346707_53850294_800.jpg?c=3,$395,,In stock,men_clothing.html
men_clothing,arrow mid socks,,https://www.off---white.com/en-us/shopping/off-white-arrow-mid-socks-23348159,https://cdn-images.farfetch-contents.com/off-white-arrow-mid-socks_23348159_53741457_800.jpg?c=3,$115,,In stock,men_clothing.html
men_clothing,gothic arr popl bowling shirt,,https://www.off---white.com/en-us/shopping/off-white-gothic-arr-popl-bowling-shirt-23346716,https://cdn-images.farfetch-contents.com/off-white-gothic-arr-popl-bowling-shirt_23346716_53740967_800.jpg?c=3,$695,,In stock,men_clothing.html
men_clothing,off stamp skate s/s tee,,https://www.off---white.com/en-us/shopping/off-white-off-stamp-skate-s-s-tee-23348147,https://cdn-images.farfetch-contents.com/off-white-off-stamp-skate-s-s-tee_23348147_53741225_800.jpg?c=3,$350,,In stock,men_clothing.html
men_clothing,big bookish skate s/s tee,,https://www.off---white.com/en-us/shopping/off-white-big-bookish-skate-s-s-tee-23346667,https://cdn-images.farfetch-contents.com/off-white-big-bookish-skate-s-s-tee_23346667_53740325_800.jpg?c=3,$375,,In stock,men_clothing.html
men_clothing,big bookish skate hoodie,,https://www.off---white.com/en-us/shopping/off-white-big-bookish-skate-hoodie-23346668,https://cdn-images.farfetch-contents.com/off-white-big-bookish-skate-hoodie_23346668_53740369_800.jpg?c=3,$750,,In stock,men_clothing.html
men_clothing,script tapered jeans,,https://www.off---white.com/en-us/shopping/off-white-script-tapered-jeans-23348178,https://cdn-images.farfetch-contents.com/off-white-script-tapered-jeans_23348178_53850990_800.jpg?c=3,$595,,In stock,men_clothing.html
men_clothing,bksh mid socks,,https://www.off---white.com/en-us/shopping/off-white-bksh-mid-socks-23346686,https://cdn-images.farfetch-contents.com/off-white-bksh-mid-socks_23346686_53740699_800.jpg?c=3,$115,,In stock,men_clothing.html
men_clothing,big bookish skate s/s tee,,https://www.off---white.com/en-us/shopping/off-white-big-bookish-skate-s-s-tee-23348145,https://cdn-images.farfetch-contents.com/off-white-big-bookish-skate-s-s-tee_23348145_53850795_800.jpg?c=3,$375,,In stock,men_clothing.html
men_clothing,big bookish skate hoodie,,https://www.off---white.com/en-us/shopping/off-white-big-bookish-skate-hoodie-23348146,https://cdn-images.farfetch-contents.com/off-white-big-bookish-skate-hoodie_23348146_53741188_800.jpg?c=3,$730,,In stock,men_clothing.html
men_clothing,garmdyed canv relax carpenter,,https://www.off---white.com/en-us/shopping/off-white-garmdyed-canv-relax-carpenter-23350032,https://cdn-images.farfetch-contents.com/off-white-garmdyed-canv-relax-carpenter_23350032_53968024_800.jpg?c=3,$850,,In stock,men_clothing.html
men_clothing,quote mid calf knit socks,,https://www.off---white.com/en-us/shopping/off-white-quote-mid-calf-knit-socks-23348179,https://cdn-images.farfetch-contents.com/off-white-quote-mid-calf-knit-socks_23348179_53851010_800.jpg?c=3,$130,,In stock,men_clothing.html
men_clothing,outline arrow sweatpant,,https://www.off---white.com/en-us/shopping/off-white-outline-arrow-sweatpant-23348173,https://cdn-images.farfetch-contents.com/off-white-outline-arrow-sweatpant_23348173_53850919_800.jpg?c=3,$650,,In stock,men_clothing.html
men_clothing,shared logo skate s/s tee,,https://www.off---white.com/en-us/shopping/off-white-shared-logo-skate-s-s-tee-23348171,https://cdn-images.farfetch-contents.com/off-white-shared-logo-skate-s-s-tee_23348171_53850828_800.jpg?c=3,$495,,In stock,men_clothing.html
men_clothing,arrow mid socks,,https://www.off---white.com/en-us/shopping/off-white-arrow-mid-socks-23348158,https://cdn-images.farfetch-contents.com/off-white-arrow-mid-socks_23348158_53850809_800.jpg?c=3,$115,,In stock,men_clothing.html
men_clothing,off stamp skate hoodie,,https://www.off---white.com/en-us/shopping/off-white-off-stamp-skate-hoodie-23348149,https://cdn-images.farfetch-contents.com/off-white-off-stamp-skate-hoodie_23348149_53741275_800.jpg?c=3,$750,,In stock,men_clothing.html
men_clothing,college skate hoodie,,https://www.off---white.com/en-us/shopping/off-white-college-skate-hoodie-23346718,https://cdn-images.farfetch-contents.com/off-white-college-skate-hoodie_23346718_53850435_800.jpg?c=3,$795,,In stock,men_clothing.html
men_clothing,outline arrow skate hoodie,,https://www.off---white.com/en-us/shopping/off-white-outline-arrow-skate-hoodie-23346715,https://cdn-images.farfetch-contents.com/off-white-outline-arrow-skate-hoodie_23346715_53968008_800.jpg?c=3,$850,,In stock,men_clothing.html
men_clothing,arr tapered jeans,,https://www.off---white.com/en-us/shopping/off-white-arr-tapered-jeans-23346687,https://cdn-images.farfetch-contents.com/off-white-arr-tapered-jeans_23346687_53740709_800.jpg?c=3,$595,,In stock,men_clothing.html
men_clothing,bksh mid socks,,https://www.off---white.com/en-us/shopping/off-white-bksh-mid-socks-23346685,https://cdn-images.farfetch-contents.com/off-white-bksh-mid-socks_23346685_53740667_800.jpg?c=3,$115,,In stock,men_clothing.html
