product_id,product_name,price,category,image_urls,product_url,sale_price,original_price,discount,filename
W1656L72BLSGZ,Margaux EW Clutch in Leather,"$5,850",women_bags,", , //www.therow.com/cdn/shop/files/W1656L72BLSGZ_600x.jpg?v=1712687407, //www.therow.com/cdn/shop/files/W1656L72BLSGF_600x.jpg?v=1712687410",/products/margaux-ew-clutch-black,,"$5,850",,No,women_bags.html
W1656L72CYPZ,Margaux EW Clutch in Leather,"$5,850",women_bags,", , //www.therow.com/cdn/shop/files/W1656L72CYPZ_600x.jpg?v=1714238090, //www.therow.com/cdn/shop/files/W1656L72CYPF_600x.jpg?v=1712687447",/products/margaux-ew-clutch-cyprus-pld,,"$5,850",,No,women_bags.html
W1656L72BRGZ,Margaux EW Clutch in Leather,"$5,850",women_bags,", , //www.therow.com/cdn/shop/files/W1656L72BRGZ_600x.jpg?v=1714251603, //www.therow.com/cdn/shop/files/W1656L72BRGF_600x.jpg?v=1712687429",/products/margaux-ew-clutch-brandy-shg,,"$5,850",,No,women_bags.html
W1656L72ARPLDZ,Margaux EW Clutch in Leather,"$5,850",women_bags,", , //www.therow.com/cdn/shop/files/W1656L72ARPLDZ_600x.jpg?v=1717198118, //www.therow.com/cdn/shop/files/W1656L72ARPLDF_600x.jpg?v=1717198120",/products/margaux-ew-clutch-amaranto-pld,,"$5,850",,No,women_bags.html
W1672E33BLSGZ,Mel Clutch in Alligator,"$9,700",women_bags,", , //www.therow.com/cdn/shop/files/W1672E33BLSGZ_600x.jpg?v=1714235300, //www.therow.com/cdn/shop/files/W1672E33BLSGF_600x.jpg?v=1712687544",/products/mel-black,,"$9,700",,Yes,women_bags.html
W1672E33YPDZ,Mel Clutch in Alligator,"$9,700",women_bags,", , //www.therow.com/cdn/shop/files/W1672E33YPDZ_600x.jpg?v=1714238301, //www.therow.com/cdn/shop/files/W1672E33YPDF_600x.jpg?v=1712687621",/products/mel-yellow,,"$9,700",,Yes,women_bags.html
W1672L39BLSGZ,Mel Clutch in Leather,"$1,450",women_bags,", , //www.therow.com/cdn/shop/files/W1672L39BLSGZ_600x.jpg?v=1714245450, //www.therow.com/cdn/shop/files/W1672L39BLSGF_600x.jpg?v=1712687564",/products/mel-black-1,,"$1,450",,No,women_bags.html
W1672L39RYPLDZ,Mel Clutch in Leather,"$1,450",women_bags,", , //www.therow.com/cdn/shop/files/W1672L39RYPLDZ_600x.jpg?v=1714244460, //www.therow.com/cdn/shop/files/W1672L39RYPLDF_600x.jpg?v=1712687600",/products/mel-ruby-pld,,"$1,450",,No,women_bags.html
W1672L39MRPDZ,Mel Clutch in Leather,"$1,450",women_bags,", , //www.therow.com/cdn/shop/files/W1672L39MRPDZ_600x.jpg?v=1714240587, //www.therow.com/cdn/shop/files/W1672L39MRPDF_600x.jpg?v=1712687582",/products/mel-marine-pld,,"$1,450",,No,women_bags.html
W1658E12CRANGZ,Alexia Bag in Ostrich,"$18,000",women_bags,", , //www.therow.com/cdn/shop/files/W1658E12CRANGZ_600x.jpg?v=1714240095, //www.therow.com/cdn/shop/files/W1658E12CRANGF_600x.jpg?v=1712683279",/products/alexia-caramel-ang,,"$18,000",,Yes,women_bags.html
W1658L72ARANSZ,Alexia Bag in Leather,"$5,970",women_bags,", , //www.therow.com/cdn/shop/files/W1658L72ARANSZ_600x.jpg?v=1714248102, //www.therow.com/cdn/shop/files/W1658L72ARANSF_600x.jpg?v=1712683187",/products/alexia-amaranto-ans,,"$5,970",,No,women_bags.html
W1658L72BAGZ,Alexia Bag in Leather,"$5,970",women_bags,", , //www.therow.com/cdn/shop/files/W1658L72BAGZ_600x.jpg?v=1714236960, //www.therow.com/cdn/shop/files/W1658L72BAGF_600x.jpg?v=1712683233",/products/alexia-black,,"$5,970",,No,women_bags.html
W1680WL59BLSGZ,Sunset Clutch in Leather,"$3,990",women_bags,", , //www.therow.com/cdn/shop/files/W1680WL59BLSGZ_600x.jpg?v=1715360226, //www.therow.com/cdn/shop/files/W1680WL59BLSGF_eb511039-57c6-40f3-83c5-9bd52b24cb91_600x.jpg?v=1715360226",/products/sunset-clutch-black,,"$3,990",,Yes,women_bags.html
W1680WL59BGSGZ,Sunset Clutch in Leather,"$3,990",women_bags,", , //www.therow.com/cdn/shop/files/W1680WL59BGSGZ_600x.jpg?v=1715360339, //www.therow.com/cdn/shop/files/W1680WL59BGSGF_e5475033-2888-46a4-a176-9bdc533d6bb2_600x.jpg?v=1715360339",/products/sunset-clutch-red,,"$3,990",,Yes,women_bags.html
W1697M40SLVZ,Mara Tote Bag in Leather,"$4,500",women_bags,", , //www.therow.com/cdn/shop/files/W1697M40SLVZ_600x.jpg?v=1717197861, //www.therow.com/cdn/shop/files/W1697M40SLVF_600x.jpg?v=1712687358",/products/mara-tote-silver,,"$4,500",,No,women_bags.html
W1697M40GLDZ,Mara Tote Bag in Leather,"$4,500",women_bags,", , //www.therow.com/cdn/shop/files/W1697M40GLDZ_600x.jpg?v=1717197984, //www.therow.com/cdn/shop/files/W1697M40GLDF_600x.jpg?v=1712687339",/products/mara-tote-gold,,"$4,500",,No,women_bags.html
W1695L129IANSZ,Small NS Tote Hook Bag in Leather,"$1,670",women_bags,", , //www.therow.com/cdn/shop/files/W1695L129IANSZ_600x.jpg?v=1713553372, //www.therow.com/cdn/shop/files/W1695L129IANSF_600x.jpg?v=1713553375",/products/small-ns-tote-hook-white,,"$1,670",,No,women_bags.html
W1693L129IANSZ,Medium NS Tote Hook Bag in Leather,"$1,950",women_bags,", , //www.therow.com/cdn/shop/files/W1693L129IANSZ_600x.jpg?v=1714245705, //www.therow.com/cdn/shop/files/W1693L129IANSF_600x.jpg?v=1712687527",/products/medium-ns-tote-hook-white,,"$1,950",,Yes,women_bags.html
W1695L129BAGZ,Small NS Tote Hook Bag in Leather,"$1,670",women_bags,", , //www.therow.com/cdn/shop/files/W1695L129BAGZ_600x.jpg?v=1714650272, //www.therow.com/cdn/shop/files/W1695L129BAGF_600x.jpg?v=1714650275",/products/small-ns-tote-hook-black,,"$1,670",,No,women_bags.html
W1693L129BAGZ,Medium NS Tote Hook Bag in Leather,"$1,950",women_bags,", , //www.therow.com/cdn/shop/files/W1693L129BAGZ_600x.jpg?v=1714237142, //www.therow.com/cdn/shop/files/W1693L129BAGF_600x.jpg?v=1712687508",/products/medium-ns-tote-hook-black,,"$1,950",,Yes,women_bags.html
W1313L129DKOLZ,Medium N/S Park Tote Bag in Leather,"$1,690",women_bags,", , //www.therow.com/cdn/shop/files/W1313L129DKOLZ_600x.jpg?v=1714244609, //www.therow.com/cdn/shop/files/W1313L129DKOLF_600x.jpg?v=1712701853",/products/medium-n-s-park-tote-dark-olive-pld,,"$1,690",,No,women_bags.html
W1273L129DKOLZ,Large N/S Park Tote Bag in Leather,"$2,390",women_bags,", , //www.therow.com/cdn/shop/files/W1273L129DKOLZ_600x.jpg?v=1714250039, //www.therow.com/cdn/shop/files/W1273L129DKOLF_600x.jpg?v=1712701538",/products/large-n-s-park-tote-dark-olive-pld,,"$2,390",,No,women_bags.html
W1313L129MARZ,Medium N/S Park Tote Bag in Leather,"$1,690",women_bags,", , //www.therow.com/cdn/shop/files/W1313L129MARZ_600x.jpg?v=1713568055, //www.therow.com/cdn/shop/files/W1313L129MARF_600x.jpg?v=1713539243",/products/medium-n-s-park-tote-marine-pld,,"$1,690",,Yes,women_bags.html
W1273L129MARZ,Large N/S Park Tote Bag in Leather,"$2,390",women_bags,", , //www.therow.com/cdn/shop/files/W1273L129MARZ_600x.jpg?v=1714248132, //www.therow.com/cdn/shop/files/W1273L129MARF_600x.jpg?v=1713553304",/products/large-n-s-park-tote-marine-pld,,"$2,390",,No,women_bags.html
W1586L72CYPZ,Soft Margaux 12 Bag in Leather,"$4,890",women_bags,", , //www.therow.com/cdn/shop/files/W1586L72CYPZ_600x.jpg?v=1713539050, //www.therow.com/cdn/shop/files/W1586L72CYPF_600x.jpg?v=1713539053",/products/soft-margaux-12-cyprus-pld,,"$4,890",,Yes,women_bags.html
W1254L72CYPZ,Soft Margaux 17 Bag in Leather,"$5,890",women_bags,", , //www.therow.com/cdn/shop/files/W1254L72CYPZ_600x.jpg?v=1714244575, //www.therow.com/cdn/shop/files/W1254L72CYPF_600x.jpg?v=1712688903",/products/soft-margaux-17-cyprus-pld,,"$5,890",,No,women_bags.html
W1314L129RSTZ,Small N/S Park Tote Bag in Leather,"$1,390",women_bags,", , //www.therow.com/cdn/shop/files/W1314L129RSTZ_600x.jpg?v=1714244686, //www.therow.com/cdn/shop/files/W1314L129RSTF_600x.jpg?v=1712702383",/products/small-n-s-park-tote-rust-pld,,"$1,390",,No,women_bags.html
W1313L129DKOLZ,Medium N/S Park Tote Bag in Leather,"$1,690",women_bags,", , //www.therow.com/cdn/shop/files/W1313L129DKOLZ_6263ff76-b138-485e-9332-af14948464aa_600x.jpg?v=1713568085, //www.therow.com/cdn/shop/files/W1313L129DKOLF_e290bd3b-f702-4657-b1c2-7fe1ded590d7_600x.jpg?v=1713539557",/products/medium-n-s-park-tote-rust-pld,,"$1,690",,No,women_bags.html
W1314L129MARZ,Small N/S Park Tote Bag in Leather,"$1,390",women_bags,", , //www.therow.com/cdn/shop/files/W1314L129MARZ_600x.jpg?v=1714254645, //www.therow.com/cdn/shop/files/W1314L129MARF_600x.jpg?v=1713553330",/products/small-n-s-park-tote-marine-pld,,"$1,390",,No,women_bags.html
W1314L129DOPLZ,Small N/S Park Tote Bag in Leather,"$1,390",women_bags,", , //www.therow.com/cdn/shop/files/W1314L129DOPLZ_600x.jpg?v=1714251570, //www.therow.com/cdn/shop/files/W1314L129DOPLF_600x.jpg?v=1712702357",/products/small-n-s-park-tote-dark-olive-pld,,"$1,390",,No,women_bags.html
W1190L25BLSGZ,Soft Margaux 10 Bag in Suede,"$3,950",women_bags,", , //www.therow.com/cdn/shop/files/W1190L25BLSGZ_600x.jpg?v=1714252766, //www.therow.com/cdn/shop/files/W1190L25BLSGF_600x.jpg?v=1682605499",/products/soft-margaux-10-black-2,,"$3,950",,Yes,women_bags.html
W1190L72CYPZ,Soft Margaux 10 Bag in Leather,"$4,290",women_bags,", , //www.therow.com/cdn/shop/files/W1190L72CYPZ_600x.jpg?v=1714238340, //www.therow.com/cdn/shop/files/W1190L72CYPF_600x.jpg?v=1712688687",/products/soft-margaux-10-cyprus-pld,,"$4,290",,No,women_bags.html
W1272L72CYPZ,Park Tote Three Bag in Leather,"$2,900",women_bags,", , //www.therow.com/cdn/shop/files/W1272L72CYPZ_600x.jpg?v=1714238379, //www.therow.com/cdn/shop/files/W1272L72CYPF_600x.jpg?v=1712687932",/products/park-tote-three-cyprus-pld,,"$2,900",,No,women_bags.html
W1201L129DOPLZ,XL Park Tote in Leather,"$2,490",women_bags,", , //www.therow.com/cdn/shop/files/W1201L129DOPLZ_600x.jpg?v=1714244724, //www.therow.com/cdn/shop/files/W1201L129DOPLF_600x.jpg?v=1712689569",/products/xl-park-tote-dark-olive-pld,,"$2,490",,No,women_bags.html
W1201L72SBBZ,XL Park Tote Bag in Leather,"$3,300",women_bags,", , //www.therow.com/cdn/shop/files/W1201L72SBBZ_600x.jpg?v=1714253137, //www.therow.com/cdn/shop/files/W1201L72SBBF_600x.jpg?v=1712689587",/products/xl-park-tote-sabbia-pld,,"$3,300",,No,women_bags.html
W1201L129BLPLFZ,XL Park Tote Bag in Leather,"$2,490",women_bags,", , //www.therow.com/cdn/shop/files/W1201L129BLPLFZ_600x.jpg?v=1713544215, //www.therow.com/cdn/shop/files/W1201L129BLPLF_600x.jpg?v=1713544215",/products/xl-park-tote-black-2,,"$2,490",,No,women_bags.html
W1199L129DOPLZ,Small Park Tote Bag in Leather,"$1,290",women_bags,", , //www.therow.com/cdn/shop/files/W1199L129DOPLZ_600x.jpg?v=1714254982, //www.therow.com/cdn/shop/files/W1199L129DOPLF_600x.jpg?v=1712687895",/products/park-tote-small-dark-olive-pld,,"$1,290",,Yes,women_bags.html
W1199L129BLPLZ,Small Park Tote Bag in Leather,"$1,290",women_bags,", , //www.therow.com/cdn/shop/products/W1199L129BLPLZ_600x.jpg?v=1676573900, //www.therow.com/cdn/shop/products/W1199L129BLPLF_600x.jpg?v=1676573904",/products/park-tote-small-black,,"$1,290",,No,women_bags.html
W1696L129IANSZ,Large NS Tote Hook Bag in Leather,"$2,650",women_bags,", , //www.therow.com/cdn/shop/files/W1696L129IANSZ_600x.jpg?v=1714237445, //www.therow.com/cdn/shop/files/W1696L129IANSF_600x.jpg?v=1712686996",/products/large-ns-tote-hook-white,,"$2,650",,No,women_bags.html
W1696L129BAGZ,Large NS Tote Hook Bag in Leather,"$2,650",women_bags,", , //www.therow.com/cdn/shop/files/W1696L129BAGZ_600x.jpg?v=1714247745, //www.therow.com/cdn/shop/files/W1696L129BAGF_600x.jpg?v=1712686976",/products/large-ns-tote-hook-black,,"$2,650",,No,women_bags.html
W1281L100BLPLZ,90's Bag in Leather,"$1,090",women_bags,", , //www.therow.com/cdn/shop/files/W1281L100BLPLZ_600x.jpg?v=1714235958, //www.therow.com/cdn/shop/files/W1281L100BLPLF_600x.jpg?v=1712682669",/products/90s-bag-black-1,,"$1,090",,Yes,women_bags.html
W1281L100LTYZ,90's Bag in Leather,"$1,090",women_bags,", , //www.therow.com/cdn/shop/files/W1281L100LTYZ_600x.jpg?v=1714249287, //www.therow.com/cdn/shop/files/W1281L100LTYF_600x.jpg?v=1712682952",/products/90s-bag-light-yellow-pld,,"$1,090",,Yes,women_bags.html
W1281L100IPDZ,90's Bag in Leather,"$1,090",women_bags,", , //www.therow.com/cdn/shop/files/W1281L100IPDZ_600x.jpg?v=1714236523, //www.therow.com/cdn/shop/files/W1281L100IPDF_a821a0ed-91f3-4dbe-ba70-7202b7f28a18_600x.jpg?v=1713192207",/products/90s-bag-ice-pld,,"$1,090",,Yes,women_bags.html
W1281L100DBPLDZ,90's Bag in Leather,"$1,090",women_bags,", , //www.therow.com/cdn/shop/files/W1281L100DBPLDZ_600x.jpg?v=1714249062, //www.therow.com/cdn/shop/files/W1281L100DBPLDF_600x.jpg?v=1712682699",/products/90s-bag-dark-brown-pld,,"$1,090",,Yes,women_bags.html
W1665L100DBPLDZ,Pim Bag in Leather,"$1,650",women_bags,", , //www.therow.com/cdn/shop/files/W1665L100DBPLDZ_600x.jpg?v=1714756353, //www.therow.com/cdn/shop/files/W1665L100DBPLDF_f3b860f9-10fe-4415-9c8a-eaed54f3853a_600x.jpg?v=1714756353",/products/pim-dark-brown-pld,,"$1,650",,No,women_bags.html
W1665L100LTYZ,Pim Bag in Leather,"$1,650",women_bags,", , //www.therow.com/cdn/shop/files/W1665L100LTYZ_600x.jpg?v=1714756330, //www.therow.com/cdn/shop/files/W1665L100LTYF_ce9666ac-985b-463e-811f-4bdb89f299d4_600x.jpg?v=1714756330",/products/pim-light-yellow-pld,,"$1,650",,No,women_bags.html
W1666L100IPDZ,Angy Shoulder Bag in Leather,"$2,470",women_bags,", , //www.therow.com/cdn/shop/files/W1666L100IPDZ_600x.jpg?v=1714236484, //www.therow.com/cdn/shop/files/W1666L100IPDF_600x.jpg?v=1712683465",/products/angy-hobo-ice-pld,,"$2,470",,Yes,women_bags.html
W1666L100DBPLDZ,Angy Shoulder Bag in Leather,"$2,470",women_bags,", , //www.therow.com/cdn/shop/files/W1666L100DBPLDZ_600x.jpg?v=1714239157, //www.therow.com/cdn/shop/files/W1666L100DBPLDF_600x.jpg?v=1712683444",/products/angy-hobo-dark-brown-pld,,"$2,470",,No,women_bags.html
W1664L72BRGZ,Belvedere Tote Bag in Leather,"$3,700",women_bags,", , //www.therow.com/cdn/shop/files/W1664L72BRGZ_600x.jpg?v=1714251220, //www.therow.com/cdn/shop/files/W1664L72BRGF_a8b6fe62-07fc-4c48-a77b-a59074105bb2_600x.jpg?v=1713192157",/products/belvedere-brandy-shg,,"$3,700",,No,women_bags.html
W1664L72BLSGZ,Belvedere Tote Bag in Leather,"$3,700",women_bags,", , //www.therow.com/cdn/shop/files/W1664L72BLSGZ_600x.jpg?v=1714253948, //www.therow.com/cdn/shop/files/W1664L72BLSGF_393b3588-b41e-4a1f-bdff-b8c2b5a10c0a_600x.jpg?v=1713192136",/products/belvedere-black,,"$3,700",,No,women_bags.html
W1664L72CYPZ,Belvedere Tote Bag in Leather,"$3,700",women_bags,", , //www.therow.com/cdn/shop/files/W1664L72CYPZ_600x.jpg?v=1714255051, //www.therow.com/cdn/shop/files/W1664L72CYPF_e26aae89-6722-42ea-9162-98a7d3117bb1_600x.jpg?v=1713565175",/products/belvedere-cyprus-pld,,"$3,700",,No,women_bags.html
W1664L72CFPLZ,Belvedere Tote Bag in Leather,"$3,700",women_bags,", , //www.therow.com/cdn/shop/files/W1664L72CFPLZ_600x.jpg?v=1714255075, //www.therow.com/cdn/shop/files/W1664L72CFPLF_861adde5-edeb-4c78-bc56-553eaaecbec9_600x.jpg?v=1713192174",/products/belvedere-coffee-pld,,"$3,700",,Yes,women_bags.html
W1442L39ARPLDZ,Sofia 8.75 Bag in Leather,"$3,500",women_bags,", , //www.therow.com/cdn/shop/files/W1442L39ARPLDZ_600x.jpg?v=1714253427, //www.therow.com/cdn/shop/files/W1442L39ARPLDF_600x.jpg?v=1712688509",/products/sofia-8-75-amaranto-pld,,"$3,500",,Yes,women_bags.html
W1442L39BLSGZ,Sofia 8.75 Bag in Leather,"$3,500",women_bags,", , //www.therow.com/cdn/shop/files/W1442L39BLSGZ_600x.jpg?v=1713544129, //www.therow.com/cdn/shop/files/W1442L39BLSGF_600x.jpg?v=1713544134",/products/sofia-8-75-black-2,,"$3,500",,Yes,women_bags.html
W1603L60DBPZ,Sofia 8.75 Shoulder Bag in Leather,"$3,990",women_bags,", , //www.therow.com/cdn/shop/files/W1603L60DBPZ_600x.jpg?v=1700519795, //www.therow.com/cdn/shop/files/W1603L60DBPF_600x.jpg?v=1700519861",/products/sofia-8-75-shoulder-brown,,"$3,990",,Yes,women_bags.html
W1570L39MRPDZ,Sofia 10.00 Shoulder Bag in Leather,"$4,500",women_bags,", , //www.therow.com/cdn/shop/files/W1570L39MRPDZ_600x.jpg?v=1714237292, //www.therow.com/cdn/shop/files/W1570L39MRPDF_600x.jpg?v=1712688491",/products/sofia-10-00-shoulder-marine-pld,,"$4,500",,No,women_bags.html
W1296W255BLPLZ,Sporty Backpack in Nylon,"$1,420",women_bags,", , //www.therow.com/cdn/shop/files/W1296W255BLPLZ_600x.jpg?v=1712688953, //www.therow.com/cdn/shop/files/W1296W255BLPLF_600x.jpg?v=1712702727",/products/sporty-backpack-black-1,,"$1,420",,Yes,women_bags.html
W1296W255TANPZ,Sporty Backpack in Nylon,"$1,420",women_bags,", , //www.therow.com/cdn/shop/files/W1296W255TANPZ_600x.jpg?v=1714239110, //www.therow.com/cdn/shop/files/W1296W255TANPF_600x.jpg?v=1712688979",/products/sporty-backpack-tan-pld,,"$1,420",,Yes,women_bags.html
W1631ML52W763BRANGZ,XL George Duffle in Leather and Denim,"$7,040",women_bags,", , //www.therow.com/cdn/shop/files/W1631ML52W763BRANGZ_600x.jpg?v=1711465588, //www.therow.com/cdn/shop/files/W1631ML52W763BRANGF_e8cedd7e-8937-4ae8-925b-a2429c24772d_600x.jpg?v=1711465588",/products/xl-george-beige-brown-ang,,"$7,040",,Yes,women_bags.html
W1631ML129BASZ,XL George Duffle in Leather,"$7,090",women_bags,", , //www.therow.com/cdn/shop/files/W1631ML129BASZ_600x.jpg?v=1707136514, //www.therow.com/cdn/shop/files/W1631ML129BASF_600x.jpg?v=1705225550",/products/xl-george-black-ans,,"$7,090",,Yes,women_bags.html
W1273L129CMONZ,Large N/S Park Tote Bag in Leather,"$2,390",women_bags,", , //www.therow.com/cdn/shop/files/W1273L129CMONZ_600x.jpg?v=1707155650, //www.therow.com/cdn/shop/files/W1273L129CMONF_600x.jpg?v=1705221425",/products/large-n-s-park-tote-cinnamon,,"$2,390",,No,women_bags.html
W1313L129CMONZ,Medium N/S Park Tote Bag in Leather,"$1,690",women_bags,", , //www.therow.com/cdn/shop/files/W1313L129CMONZ_600x.jpg?v=1705596149, //www.therow.com/cdn/shop/files/W1313L129CMONF_600x.jpg?v=1705596149",/products/medium-n-s-park-tote-cinnamon,,"$1,690",,Yes,women_bags.html
W1273L129BWODZ,Large N/S Park Tote in Leather,"$2,390",women_bags,", , //www.therow.com/cdn/shop/files/W1273L129BWODZ_600x.jpg?v=1705221410, //www.therow.com/cdn/shop/files/W1273L129BWODF_600x.jpg?v=1705221411",/products/large-n-s-park-tote-burnt-wood,,"$2,390",,No,women_bags.html
W1273L129BWODZ,Medium N/S Park Tote Bag in Leather,"$1,690",women_bags,", , //www.therow.com/cdn/shop/files/W1273L129BWODZ_b2fdde1b-90c5-482e-986d-3975826afeed_600x.jpg?v=1705595925, //www.therow.com/cdn/shop/files/W1313L129BWODF_600x.jpg?v=1705595921",/products/medium-n-s-park-tote-burnt-wood,,"$1,690",,Yes,women_bags.html
W1629L72BAGZ,EW Margaux Bag in Leather,"$6,810",women_bags,", , //www.therow.com/cdn/shop/files/W1629L72BAGZ_600x.jpg?v=1705171223, //www.therow.com/cdn/shop/files/W1629L72BAGF_600x.jpg?v=1705171225",/products/ew-margaux-black-ang,,"$6,810",,Yes,women_bags.html
W1629L72DCASZ,EW Margaux Bag in Leather,"$6,810",women_bags,", , //www.therow.com/cdn/shop/files/W1629L72DCASZ_600x.jpg?v=1705171305, //www.therow.com/cdn/shop/files/W1629L72DCASF_600x.jpg?v=1705171307",/products/ew-margaux-dark-chocolate-ans,,"$6,810",,Yes,women_bags.html
W1629L133BASZ,EW Margaux Bag in Leather,"$5,300",women_bags,", , //www.therow.com/cdn/shop/files/W1629L133BASZ_600x.jpg?v=1705171244, //www.therow.com/cdn/shop/files/W1629L133BASF_600x.jpg?v=1705171288",/products/ew-margaux-black-ans,,"$5,300",,Yes,women_bags.html
W1629L133DMOASZ,EW Margaux Bag in Leather,"$5,300",women_bags,", , //www.therow.com/cdn/shop/files/W1629L133DMOASZ_aa92f117-a2e6-4f9e-8810-4f1e499a1034_600x.jpg?v=1708948890, //www.therow.com/cdn/shop/files/W1629L133DMOASF_6ba87faa-4ab3-4629-9f3d-67937be7a8f2_600x.jpg?v=1708948897",/products/ew-margaux-dark-mocha-ans,,"$5,300",,Yes,women_bags.html
W1249L136BNWASZ,Half Moon Bag in Leather,"$1,390",women_bags,", , //www.therow.com/cdn/shop/files/W1249L136BNWASZ_600x.jpg?v=1707181838, //www.therow.com/cdn/shop/files/W1249L136BNWASF_600x.jpg?v=1707181841",/products/half-moon-burnt-wood-ans,,"$1,390",,Yes,women_bags.html
W1249L136BASZ,Half Moon Bag in Leather,"$1,390",women_bags,", , //www.therow.com/cdn/shop/files/W1249L136BASZ_600x.jpg?v=1707181804, //www.therow.com/cdn/shop/files/W1249L136BASF_600x.jpg?v=1707181807",/products/half-moon-black-ans,,"$1,390",,Yes,women_bags.html
W1281L136BNWASZ,90's Bag in Leather,"$1,090",women_bags,", , //www.therow.com/cdn/shop/files/W1281L136BNWASZ_600x.jpg?v=1707182256, //www.therow.com/cdn/shop/files/W1281L136BNWASF_600x.jpg?v=1707182257",/products/90s-bag-burnt-wood-ans,,"$1,090",,Yes,women_bags.html
W1281L129CMONSZ,90's Bag in Leather,"$1,090",women_bags,", , //www.therow.com/cdn/shop/files/W1281L129CMONSZ_600x.jpg?v=1708947158, //www.therow.com/cdn/shop/files/W1281L129CMONSF_600x.jpg?v=1708947160",/products/90s-bag-cinnamon-ans,,"$1,090",,Yes,women_bags.html
W1636W756NATASZ,Oregon Bag in Raffia,"$1,090",women_bags,", , //www.therow.com/cdn/shop/files/W1636W756NATASZ_600x.jpg?v=1707130022, //www.therow.com/cdn/shop/files/W1636W756NATASF_600x.jpg?v=1705223794",/products/oregon-natural-ans,,"$1,090",,No,women_bags.html
W1636W756BAGZ,Oregon Bag in Raffia,"$1,090",women_bags,", , //www.therow.com/cdn/shop/files/W1636W756BAGZ_600x.jpg?v=1708616395, //www.therow.com/cdn/shop/files/W1636W756BAGF_e373349e-bf2f-4aa4-a769-9ab4cd645342_600x.jpg?v=1708616395",/products/oregon-black-ang,,"$1,090",,Yes,women_bags.html
W1627W756NATASZ,Emilie Bag in Raffia,$920,women_bags,", , //www.therow.com/cdn/shop/files/W1627W756NATASZ_600x.jpg?v=1707131207, //www.therow.com/cdn/shop/files/W1627W756NATASF_600x.jpg?v=1705171169",/products/emilie-natural-ans,,$920,,No,women_bags.html
W1627W756BAGZ,Emilie Bag in Raffia,$920,women_bags,", , //www.therow.com/cdn/shop/files/W1627W756BAGZ_600x.jpg?v=1707135898, //www.therow.com/cdn/shop/files/W1627W756BAGF_600x.jpg?v=1705171152",/products/emilie-black-ang,,$920,,No,women_bags.html
W1623L108CREBLZ,Bindle 3 Bag in Leather,"$2,250",women_bags,", , //www.therow.com/cdn/shop/files/W1623L108CREBLZ_600x.jpg?v=1705169275, //www.therow.com/cdn/shop/files/W1623L108CREBLF_600x.jpg?v=1705169277",/products/bindle-3-cream-blk,,"$2,250",,Yes,women_bags.html
W1623L108BLKBLZ,Bindle 3 Bag in Leather,"$2,250",women_bags,", , //www.therow.com/cdn/shop/files/W1623L108BLKBLZ_600x.jpg?v=1707128519, //www.therow.com/cdn/shop/files/W1623L108BLKBLF_600x.jpg?v=1705169263",/products/bindle-3-black,,"$2,250",,Yes,women_bags.html
W1621WL74NCRAGZ,Ben Bag in Leather,"$5,100",women_bags,", , //www.therow.com/cdn/shop/files/W1621WL74NCRAGZ_600x.jpg?v=1707140740, //www.therow.com/cdn/shop/files/W1621WL74NCRAGF_600x.jpg?v=1705169210",/products/ben-natural-cuir-ang,,"$5,100",,Yes,women_bags.html
W1655W756BWASZ,Estelle Bag in Raffia,"$1,150",women_bags,", , //www.therow.com/cdn/shop/files/W1655W756BWASZ_600x.jpg?v=1707136049, //www.therow.com/cdn/shop/files/W1655W756BWASF_600x.jpg?v=1705171187",/products/estelle-brown-ans,,"$1,150",,No,women_bags.html
W1626L72BAGZ,Domino Bag in Leather,"$5,600",women_bags,", , //www.therow.com/cdn/shop/files/W1626L72BAGZ_600x.jpg?v=1708519367, //www.therow.com/cdn/shop/files/W1626L72BAGF_151aabe3-9aaa-4926-b657-420abf1f12c9_600x.jpg?v=1708519367",/products/domino-black-ang,,"$5,600",,Yes,women_bags.html
W1626L72DCASZ,Domino Bag in Leather,"$5,600",women_bags,", , //www.therow.com/cdn/shop/files/W1626L72DCASZ_600x.jpg?v=1707136462, //www.therow.com/cdn/shop/files/W1626L72DCASF_600x.jpg?v=1705171072",/products/domino-dark-chocolate-ans,,"$5,600",,Yes,women_bags.html
W1632L31BAGZ,Joe Backpack in Leather,"$1,990",women_bags,", , //www.therow.com/cdn/shop/files/W1632L31BAGZ_600x.jpg?v=1707128691, //www.therow.com/cdn/shop/files/W1632L31BAGF_600x.jpg?v=1705218483",/products/joe-backpack-black-ang,,"$1,990",,Yes,women_bags.html
W1632L31ESASZ,Joe Backpack in Leather,"$1,990",women_bags,", , //www.therow.com/cdn/shop/files/W1632L31ESASZ_600x.jpg?v=1705218495, //www.therow.com/cdn/shop/files/W1632L31ESASF_600x.jpg?v=1705218496",/products/joe-backpack-espresso-ans,,"$1,990",,Yes,women_bags.html
W1281L87CHNNGZ,90's Bag in Nubuck,"$1,090",women_bags,", , //www.therow.com/cdn/shop/files/W1281L87CHNNGZ_600x.jpg?v=1707178918, //www.therow.com/cdn/shop/files/W1281L87CHNNGF_2a80b8c4-7ff2-4ef3-a744-511f469d54a0_600x.jpg?v=1707178918",/products/90s-bag-chianti-ang,,"$1,090",,Yes,women_bags.html
W1281L87BAGZ,90's Bag in Nubuck,"$1,090",women_bags,", , //www.therow.com/cdn/shop/files/W1281L87BAGZ_600x.jpg?v=1707178827, //www.therow.com/cdn/shop/files/W1281L87BAGF_8f9f2080-8825-41a3-a9f7-94e97160b4cc_600x.jpg?v=1707178827",/products/90s-bag-black-ang,,"$1,090",,Yes,women_bags.html
W1639L59BROZ,Nikin Bag in Leather,"$3,160",women_bags,", , //www.therow.com/cdn/shop/files/W1639L59BROZ_600x.jpg?v=1705223580, //www.therow.com/cdn/shop/files/W1639L59BROF_600x.jpg?v=1705223582",/products/nikin-brown,,"$3,160",,Yes,women_bags.html
W1639L59DBBLZ,Nikin Bag in Leather,"$3,160",women_bags,", , //www.therow.com/cdn/shop/files/W1639L59DBBLZ_600x.jpg?v=1707140456, //www.therow.com/cdn/shop/files/W1639L59DBBLF_600x.jpg?v=1705223541",/products/nikin-black,,"$3,160",,Yes,women_bags.html
W1273L87CROZ,Large N/S Park Tote Bag in Nubuck,"$2,450",women_bags,", , //www.therow.com/cdn/shop/files/W1273L87CROZ_600x.jpg?v=1705594760, //www.therow.com/cdn/shop/files/W1273L87CROF_600x.jpg?v=1705594760",/products/large-n-s-park-tote-croissant,,"$2,450",,No,women_bags.html
W1313L87CROZ,Medium N/S Park Tote Bag in Nubuck,"$1,720",women_bags,", , //www.therow.com/cdn/shop/files/W1313L87CROZ_600x.jpg?v=1707133220, //www.therow.com/cdn/shop/files/W1313L87CROF_63265cd9-6c95-40ce-929f-256f758d48a3_600x.jpg?v=1705595210",/products/medium-n-s-park-tote-croissant,,"$1,720",,No,women_bags.html
W1273L87BLKZ,Large N/S Park Tote Bag in Nubuck,"$2,450",women_bags,", , //www.therow.com/cdn/shop/files/W1273L87BLKZ_600x.jpg?v=1705594777, //www.therow.com/cdn/shop/files/W1273L87BLKF_600x.jpg?v=1705594778",/products/large-n-s-park-tote-black-1,,"$2,450",,No,women_bags.html
W1313L87BLKZ,Medium N/S Park Tote Bag in Nubuck,"$1,720",women_bags,", , //www.therow.com/cdn/shop/files/W1313L87BLKZ_600x.jpg?v=1705595614, //www.therow.com/cdn/shop/files/W1313L87BLKF_600x.jpg?v=1705595614",/products/medium-n-s-park-tote-black-1,,"$1,720",,No,women_bags.html
W1314L87CROZ,Small N/S Park Tote Bag in Nubuck,"$1,420",women_bags,", , //www.therow.com/cdn/shop/files/W1314L87CROZ_600x.jpg?v=1705224558, //www.therow.com/cdn/shop/files/W1314L87CROF_600x.jpg?v=1705224601",/products/small-n-s-park-tote-croissant,,"$1,420",,Yes,women_bags.html
W1314L87BLKZ,Small N/S Park Tote Bag in Nubuck,"$1,420",women_bags,", , //www.therow.com/cdn/shop/files/W1314L87BLKZ_600x.jpg?v=1707179910, //www.therow.com/cdn/shop/files/W1314L87BLKF_600x.jpg?v=1707179919",/products/small-n-s-park-tote-black-2,,"$1,420",,Yes,women_bags.html
W1314L129VGBLZ,Small N/S Park Tote Bag in Leather,"$1,390",women_bags,", , //www.therow.com/cdn/shop/files/W1314L129VGBLZ_600x.jpg?v=1708948963, //www.therow.com/cdn/shop/files/W1314L129VGBLF_600x.jpg?v=1708948967",/products/small-n-s-park-tote-virginia-blue,,"$1,390",,Yes,women_bags.html
W1314L129BWODZ,Small N/S Park Tote Bag in Leather,"$1,390",women_bags,", , //www.therow.com/cdn/shop/files/W1314L129BWODZ_600x.jpg?v=1708949016, //www.therow.com/cdn/shop/files/W1314L129BWODF_600x.jpg?v=1708949021",/products/small-n-s-park-tote-burnt-wood,,"$1,390",,Yes,women_bags.html
W1620L108DBASZ,Angy Bag in Leather,"$1,990",women_bags,", , //www.therow.com/cdn/shop/files/W1620L108DBASZ_600x.jpg?v=1707138968, //www.therow.com/cdn/shop/files/W1620L108DBASF_600x.jpg?v=1705164985",/products/angy-dark-brown-ans,,"$1,990",,Yes,women_bags.html
W1620L108BAGZ,Angy Bag in Leather,"$1,990",women_bags,", , //www.therow.com/cdn/shop/files/W1620L108BAGZ_600x.jpg?v=1706701617, //www.therow.com/cdn/shop/files/W1620L108BAGF_600x.jpg?v=1706701621",/products/angy-black-ang,,"$1,990",,No,women_bags.html
W1620L108CREAGZ,Angy Bag in Leather,"$1,990",women_bags,", , //www.therow.com/cdn/shop/files/W1620L108CREAGZ_600x.jpg?v=1707155630, //www.therow.com/cdn/shop/files/W1620L108CREAGF_600x.jpg?v=1705164967",/products/angy-cream-ang,,"$1,990",,Yes,women_bags.html
W1633L57L87SYCHGZ,Laurie Bag in Leather,"$2,690",women_bags,", , //www.therow.com/cdn/shop/files/W1633L57L87SYCHGZ_600x.jpg?v=1707155754, //www.therow.com/cdn/shop/files/W1633L57L87SYCHGF_600x.jpg?v=1705221459",/products/laurie-syram-red-chianti-ang,,"$2,690",,Yes,women_bags.html
W1638L108BLKZ,Samia Bag in Leather,"$1,790",women_bags,", , //www.therow.com/cdn/shop/files/W1638L108BLKZ_600x.jpg?v=1707136142, //www.therow.com/cdn/shop/files/W1638L108BLKF_600x.jpg?v=1705592251",/products/samia-black,,"$1,790",,Yes,women_bags.html
W1638L108DBRZ,Samia Bag in Leather,"$1,790",women_bags,", , //www.therow.com/cdn/shop/files/W1638L108DBRZ_600x.jpg?v=1705224259, //www.therow.com/cdn/shop/files/W1638L108DBRF_600x.jpg?v=1705224261",/products/samia-dark-brown,,"$1,790",,Yes,women_bags.html
W1638L108DBRZ,Samia Bag in Leather,"$1,790",women_bags,", , //www.therow.com/cdn/shop/files/W1638L108DBRZ_9804475f-7faa-4aa7-9945-971e59d20bb3_600x.jpg?v=1707179738, //www.therow.com/cdn/shop/files/W1638L108DBRF_459ce610-8c36-4f54-9038-86fb7bf17e57_600x.jpg?v=1707179742",/products/samia-burgundy,,"$1,790",,Yes,women_bags.html
W1637STRAWNATASZ,Remi Clutch in Straw,$890,women_bags,", , //www.therow.com/cdn/shop/files/W1637STRAWNATASZ_600x.jpg?v=1707133343, //www.therow.com/cdn/shop/files/W1637STRAWNATASF_600x.jpg?v=1705223977",/products/remi-natural-ans,,$890,,Yes,women_bags.html
W1301W763BASZ,TR611 N/S Sling Bag in Denim,"$2,200",women_bags,", , //www.therow.com/cdn/shop/files/W1301W763BASZ_600x.jpg?v=1707136848, //www.therow.com/cdn/shop/files/W1301W763BASF_600x.jpg?v=1705225387",/products/tr611-n-s-sling-black-ans,,"$2,200",,Yes,women_bags.html
W1301W763BANSZ,TR611 N/S Sling Bag in Denim,"$2,200",women_bags,", , //www.therow.com/cdn/shop/files/W1301W763BANSZ_600x.jpg?v=1711386492, //www.therow.com/cdn/shop/files/W1301W763BANSF_600x.jpg?v=1711386518",/products/tr611-n-s-sling-beige-ans,,"$2,200",,Yes,women_bags.html
W1211L72DBLKGZ,Backpack 11 in Leather,"$5,600",women_bags,", , //www.therow.com/cdn/shop/files/W1211L72DBLKGZ_600x.jpg?v=1712434552, //www.therow.com/cdn/shop/files/W1211L72DBLKGF_600x.jpg?v=1712434555",/products/backpack-11-double-black-ang,,"$5,600",,No,women_bags.html
W1211L72MUAGZ,Backpack 11 in Leather,"$5,600",women_bags,", , //www.therow.com/cdn/shop/files/W1211L72MUAGZ_600x.jpg?v=1711383644, //www.therow.com/cdn/shop/files/W1211L72MUAGF_600x.jpg?v=1711383648",/products/backpack-11-muschio-ang,,"$5,600",,No,women_bags.html
W1569L57L87BAGZ,E/W Sofia Bag in Leather,"$2,920",women_bags,", , //www.therow.com/cdn/shop/files/W1569L57L87BAGZ_600x.jpg?v=1711388468, //www.therow.com/cdn/shop/files/W1569L57L87BAGF_f54b787b-8471-4db2-a040-d52c0e70139b_600x.jpg?v=1711388468",/products/e-w-sofia-black-ang,,"$2,920",,No,women_bags.html
W1569L57L87SYCHGZ,E/W Sofia Bag in Leather,"$2,920",women_bags,", , //www.therow.com/cdn/shop/files/W1569L57L87SYCHGZ_600x.jpg?v=1711384667, //www.therow.com/cdn/shop/files/W1569L57L87SYCHGF_600x.jpg?v=1711384877",/products/e-w-sofia-syram-red-chianti-ang,,"$2,920",,No,women_bags.html
W1569L60CRPDZ,E/W Sofia Bag in Leather,"$2,890",women_bags,", , //www.therow.com/cdn/shop/files/W1569L60CRPDZ_600x.jpg?v=1700520214, //www.therow.com/cdn/shop/files/W1569L60CRPDF_600x.jpg?v=1700520215",/products/e-w-sofia-brown-2,,"$2,890",,No,women_bags.html
W1569L39IVPLDZ,E/W Sofia Bag in Leather,"$2,890",women_bags,", , //www.therow.com/cdn/shop/files/W1569L39IVPLDZ_600x.jpg?v=1714254612, //www.therow.com/cdn/shop/files/W1569L39IVPLDF_600x.jpg?v=1712684925",/products/e-w-sofia-white,,"$2,890",,No,women_bags.html
W1314L129CMONZ,Small N/S Park Tote Bag in Leather,"$1,390",women_bags,", , //www.therow.com/cdn/shop/files/W1314L129CMONZ_600x.jpg?v=1706702274, //www.therow.com/cdn/shop/files/W1314L129CMONF_600x.jpg?v=1706702274",/products/small-n-s-park-tote-cinnamon,,"$1,390",,No,women_bags.html
W1635L72NBASZ,Small NS Belt Bag in Leather,"$1,990",women_bags,", , //www.therow.com/cdn/shop/files/W1635L72NBASZ_600x.jpg?v=1712434962, //www.therow.com/cdn/shop/files/W1635L72NBASF_600x.jpg?v=1712434966",/products/small-ns-belt-new-burgundy-ans,,"$1,990",,No,women_bags.html
W1314L61ISHGZ,Small N/S Park Tote in Leather,"$1,450",women_bags,", , //www.therow.com/cdn/shop/files/W1314L61ISHGZ_600x.jpg?v=1700517289, //www.therow.com/cdn/shop/files/W1314L61ISHGF_0e827dd9-153a-4064-8540-e656dc4fdc22_600x.jpg?v=1700517289",/products/small-n-s-park-tote-white-2,,"$1,450",,No,women_bags.html
W1199L129CMONSZ,Small Park Tote Bag in Leather,"$1,290",women_bags,", , //www.therow.com/cdn/shop/files/W1199L129CMONSZ_600x.jpg?v=1707180108, //www.therow.com/cdn/shop/files/W1199L129CMONSF_600x.jpg?v=1707180119",/products/park-tote-small-cinnamon-ans,,"$1,290",,Yes,women_bags.html
W1201L72SLTPLZ,XL Park Tote Bag in Leather,"$2,770",women_bags,", , //www.therow.com/cdn/shop/files/W1201L72SLTPLZ_600x.jpg?v=1700520060, //www.therow.com/cdn/shop/files/W1201L72SLTPLF_600x.jpg?v=1700520061",/products/xl-park-tote-beige-1,,"$2,770",,No,women_bags.html
W1201L133BLSGZ,XL Park Tote Bag in Leather,"$2,490",women_bags,", , //www.therow.com/cdn/shop/files/W1201L133BLSGZ_34d003a1-4d9c-425f-a447-cebfd2f34b7d_600x.jpg?v=1693406245, //www.therow.com/cdn/shop/files/W1201L133BLSGF_056f8aad-ed89-4d70-ae2d-675f6b489185_600x.jpg?v=1693406247",/products/xl-park-tote-black,,"$2,490",,No,women_bags.html
W1201L72SBLSGZ,XL Park Tote Bag in Leather,"$2,770",women_bags,", , //www.therow.com/cdn/shop/files/W1201L72SBLSGZ_600x.jpg?v=1695400937, //www.therow.com/cdn/shop/files/W1201L72SBLSGF_600x.jpg?v=1694723553",/products/xl-park-tote-black-1,,"$2,770",,Yes,women_bags.html
W1272L129DOPLZ,Park Tote Three Bag in Leather,"$1,920",women_bags,", , //www.therow.com/cdn/shop/files/W1272L129DOPLZ_600x.jpg?v=1714251357, //www.therow.com/cdn/shop/files/W1272L129DOPLF_600x.jpg?v=1712687951",/products/park-tote-three-dark-olive-pld,,"$1,920",,No,women_bags.html
W1630L129BASZ,George Duffle in Leather,"$6,250",women_bags,", , //www.therow.com/cdn/shop/files/W1630L129BASZ_600x.jpg?v=1707136566, //www.therow.com/cdn/shop/files/W1630L129BASF_600x.jpg?v=1705172332",/products/george-black-ans,,"$6,250",,No,women_bags.html
W1630L52W763BBLCSZ,George Duffle in Leather and Denim,"$6,190",women_bags,", , //www.therow.com/cdn/shop/files/W1630L52W763BBLCSZ_600x.jpg?v=1712434653, //www.therow.com/cdn/shop/files/W1630L52W763BBLCSF_600x.jpg?v=1712434655",/products/george-black-black-ans,,"$6,190",,No,women_bags.html
W1592L72CGSGZ,XL Idaho Bag in Leather,"$4,590",women_bags,", , //www.therow.com/cdn/shop/files/W1592L72CGSGZ_600x.jpg?v=1694723528, //www.therow.com/cdn/shop/files/W1592L72CGSGF_600x.jpg?v=1694723530",/products/xl-idaho-brown-1,,"$4,590",,No,women_bags.html
W1629L72CYPZ,EW Margaux Bag in Leather,"$6,810",women_bags,", , //www.therow.com/cdn/shop/files/W1629L72CYPZ_600x.jpg?v=1714254289, //www.therow.com/cdn/shop/files/W1629L72CYPF_600x.jpg?v=1712685482",/products/ew-margaux-cyprus-pld,,"$6,810",,No,women_bags.html
W1197L23IVPDZ,Small Slouchy Banana Bag in Leather,"$2,350",women_bags,", , //www.therow.com/cdn/shop/files/W1197L23IVPDZ_600x.jpg?v=1694722445, //www.therow.com/cdn/shop/files/W1197L23IVPDF_600x.jpg?v=1694722447",/products/slouchy-banana-small-white,,"$2,350",,Yes,women_bags.html
W1197L28BLPLZ,Small Slouchy Banana Bag in Suede,"$2,060",women_bags,", , //www.therow.com/cdn/shop/files/W1197L28BLPLZ_600x.jpg?v=1698961512, //www.therow.com/cdn/shop/files/W1197L28BLPLF_e1622cbb-1cdb-4ee2-adcf-dae77158fc5f_600x.jpg?v=1698961512",/products/slouchy-banana-small-black-1,,"$2,060",,Yes,women_bags.html
W1588L72CGNPLD,Medium N/S Shoulder Bag in Leather,"$2,750",women_bags,", , //www.therow.com/cdn/shop/files/W1588L72CGNPLD_600x.jpg?v=1700520467, //www.therow.com/cdn/shop/files/W1588L72CGNPLF_600x.jpg?v=1700520453",/products/medium-n-s-park-tote-belt-brown,,"$2,750",,Yes,women_bags.html
W1588L72SBLPLZ,Medium N/S Shoulder Bag in Leather,"$2,400",women_bags,", , //www.therow.com/cdn/shop/files/W1588L72SBLPLZ_600x.jpg?v=1701702630, //www.therow.com/cdn/shop/files/W1588L72SBLPLF_600x.jpg?v=1701702631",/products/medium-n-s-park-tote-belt-black-1,,"$2,400",,No,women_bags.html
W1603L60CHYWDZ,Sofia 8.75 Shoulder Bag in Leather,"$3,990",women_bags,", , //www.therow.com/cdn/shop/files/W1603L60CHYWDZ_600x.jpg?v=1707128879, //www.therow.com/cdn/shop/files/W1603L60CHYWDF_79cf2c4c-d4b0-4037-b6e9-2a24bef72465_600x.jpg?v=1696941553",/products/sofia-8-75-shoulder-red,,"$3,990",,Yes,women_bags.html
W1570L60CHYWDZ,Sofia 10.00 Shoulder Bag in Leather,"$4,500",women_bags,", , //www.therow.com/cdn/shop/files/W1570L60CHYWDZ_600x.jpg?v=1695791091, //www.therow.com/cdn/shop/files/W1570L60CHYWDF_600x.jpg?v=1694983002",/products/sofia-10-00-shoulder-red,,"$4,500",,Yes,women_bags.html
W1603L60BLPLZ,Sofia 8.75 Shoulder Bag in Leather,"$3,990",women_bags,", , //www.therow.com/cdn/shop/files/W1603L60BLPLZ_600x.jpg?v=1694722695, //www.therow.com/cdn/shop/files/W1603L60BLPLF_600x.jpg?v=1694722695",/products/sofia-8-75-shoulder-black,,"$3,990",,Yes,women_bags.html
W1570L60BLPLZ,Sofia 10.00 Shoulder Bag in Leather,"$4,500",women_bags,", , //www.therow.com/cdn/shop/files/W1570L60BLPLZ_600x.jpg?v=1707129272, //www.therow.com/cdn/shop/files/W1570L60BLPLF_9eadbb7b-1fca-461b-9c06-c05d6153a610_600x.jpg?v=1689219703",/products/sofia-10-00-shoulder-black,,"$4,500",,Yes,women_bags.html
W1588L72BLPLZ,Medium N/S Shoulder Bag in Leather,"$2,750",women_bags,", , //www.therow.com/cdn/shop/files/W1588L72BLPLZ_77540f2a-a5dc-4340-94ca-43856bfee077_600x.jpg?v=1704215823, //www.therow.com/cdn/shop/files/W1588L72BLPLF_600x.jpg?v=1704215823",/products/medium-n-s-park-tote-belt-black,,"$2,750",,Yes,women_bags.html
W1587L72DBPZ,Large N/S Shoulder Bag in Leather,"$3,750",women_bags,", , //www.therow.com/cdn/shop/files/W1587L72DBPZ_600x.jpg?v=1700520850, //www.therow.com/cdn/shop/files/W1587L72DBPF_600x.jpg?v=1700520853",/products/large-n-s-park-tote-belt-brown,,"$3,750",,No,women_bags.html
W1446L39ARPLDZ,Sofia 10.00 Bag in Leather,"$3,950",women_bags,", , //www.therow.com/cdn/shop/files/W1446L39ARPLDZ_600x.jpg?v=1712688469, //www.therow.com/cdn/shop/files/W1446L39ARPLDF_600x.jpg?v=1712688472",/products/sofia-10-00-amaranto-pld,,"$3,950",,No,women_bags.html
W1504L39ARPLDZ,Sofia 8.75 Crossbody Bag in Leather,"$3,390",women_bags,", , //www.therow.com/cdn/shop/files/W1504L39ARPLDZ_600x.jpg?v=1714238569, //www.therow.com/cdn/shop/files/W1504L39ARPLDF_600x.jpg?v=1712688537",/products/sofia-8-75-crossbody-amaranto-pld,,"$3,390",,No,women_bags.html
W1561L72MRPDZ,Small E/W Day Luxe Bag in Leather,"$4,300",women_bags,", , //www.therow.com/cdn/shop/files/W1561L72MRPDZ_600x.jpg?v=1688929163, //www.therow.com/cdn/shop/files/W1561L72MRPDF_598c2935-bcc7-4e61-ac30-1738d629ceca_600x.jpg?v=1688937355",/products/small-e-w-day-luxe-blue,,"$4,300",,No,women_bags.html
W1561L72BLSGZ,Small E/W Day Luxe Bag in Leather,"$4,300",women_bags,", , //www.therow.com/cdn/shop/files/W1561L72BLSGZ_600x.jpg?v=1688937377, //www.therow.com/cdn/shop/files/W1561L72BLSGF_600x.jpg?v=1688841260",/products/small-e-w-day-luxe-black,,"$4,300",,No,women_bags.html
W1272L129BLPLZ,Park Tote Three Bag in Leather,"$1,920",women_bags,", , //www.therow.com/cdn/shop/products/W1272L129BLPLZ_600x.jpg?v=1677596526, //www.therow.com/cdn/shop/products/W1272L129BLPLF_600x.png?v=1676573933",/products/park-tote-three-black,,"$1,920",,Yes,women_bags.html
W1279L97BLPLZ,Small Everyday Shoulder Bag in Leather,"$2,650",women_bags,", , //www.therow.com/cdn/shop/files/W1279L97BLPLZ_600x.jpg?v=1692895826, //www.therow.com/cdn/shop/files/W1279L97BLPLR_600x.jpg?v=1692895829",/products/small-everyday-shoulder-black,,"$2,650",,Yes,women_bags.html
W1281L129VGBAGZ,90's Bag in Leather,"$1,090",women_bags,", , //www.therow.com/cdn/shop/files/W1281L129VGBAGZ_600x.jpg?v=1711485514, //www.therow.com/cdn/shop/files/W1281L129VGBAGF_600x.jpg?v=1711485513",/products/90s-bag-virginia-blue-ans,,"$1,090",,Yes,women_bags.html
W1249L136VGBAGZ,Half Moon Bag in Leather,"$1,390",women_bags,", , //www.therow.com/cdn/shop/files/W1249L136VGBAGZ_600x.jpg?v=1708947419, //www.therow.com/cdn/shop/files/W1249L136VGBAGF_600x.jpg?v=1708947422",/products/half-moon-virginia-blue-ans,,"$1,390",,Yes,women_bags.html
W1569L60BLPLZ,E/W Sofia Bag in Leather,"$2,890",women_bags,", , //www.therow.com/cdn/shop/files/W1569L60BLPLZ_600x.jpg?v=1688765874, //www.therow.com/cdn/shop/files/W1569L60BLPLF_600x.jpg?v=1688765876",/products/e-w-sofia-black,,"$2,890",,No,women_bags.html
W1633L57L87BAGZ,Laurie Bag in Leather,"$2,690",women_bags,", , //www.therow.com/cdn/shop/files/W1633L57L87BAGZ_600x.jpg?v=1713793753, //www.therow.com/cdn/shop/files/W1633L57L87BAGF_600x.jpg?v=1713793757",/products/laurie-black-ang,,"$2,690",,Yes,women_bags.html
W1446L60BLSGZ,Sofia 10.00 Bag in Leather,"$3,950",women_bags,", , //www.therow.com/cdn/shop/files/W1446L60BLSGZ_600x.jpg?v=1682545301, //www.therow.com/cdn/shop/files/W1446L60BLSGF_600x.jpg?v=1682545302",/products/sofia-10-00-black-1,,"$3,950",,No,women_bags.html
W1318W255BLPLZ,Margaux 17 Inside-Out Bag in Nylon,"$5,670",women_bags,", , //www.therow.com/cdn/shop/files/W1318W255BLPLZ_600x.jpg?v=1714248344, //www.therow.com/cdn/shop/files/W1318W255BLPLF_600x.jpg?v=1712701776",/products/margaux-17-inside-out-black-1,,"$5,670",,No,women_bags.html
W1249L52NIVPDZ,Half Moon Bag in Leather,"$1,390",women_bags,", , //www.therow.com/cdn/shop/products/W1249L52NIVPDZ_600x.jpg?v=1677596030, //www.therow.com/cdn/shop/products/W1249L52NIVPDF_600x.jpg?v=1676572656",/products/half-moon-white,,"$1,390",,No,women_bags.html
W1249L52BLPLZ,Half Moon Bag in Leather,"$1,390",women_bags,", , //www.therow.com/cdn/shop/products/W1249L52BLPLZ_600x.jpg?v=1676572602, //www.therow.com/cdn/shop/products/W1249L52BLPLF_600x.jpg?v=1676572608",/products/half-moon-black,,"$1,390",,No,women_bags.html
W1281L97IVPDZ,90's Bag in Leather,"$1,090",women_bags,", , //www.therow.com/cdn/shop/products/W1281L97IVPDZ_600x.jpg?v=1714237925, //www.therow.com/cdn/shop/files/W1281L97IVPDF_21ce8d2f-155a-483a-b7eb-f65ed4483b60_600x.jpg?v=1683660087",/products/90s-bag-white,,"$1,090",,Yes,women_bags.html
W1281L97BLPL,90's Bag in Leather,"$1,090",women_bags,", , //www.therow.com/cdn/shop/products/W1281L97BLPL_Z_600x.jpg?v=1714249092, //www.therow.com/cdn/shop/files/W1281L97BLPLF_600x.jpg?v=1683660114",/products/90s-bag-black,,"$1,090",,Yes,women_bags.html
W1280L97BLPLZ,Bourse Clutch Bag in Leather,"$1,590",women_bags,", , //www.therow.com/cdn/shop/products/W1280L97BLPLZ_600x.jpg?v=1677595661, //www.therow.com/cdn/shop/products/W1280L97BLPLF_600x.jpg?v=1676571675",/products/bourse-black,,"$1,590",,Yes,women_bags.html
W1280L97IVPDZ,Bourse Clutch Bag in Leather,"$1,590",women_bags,", , //www.therow.com/cdn/shop/products/W1280L97IVPDZ_600x.jpg?v=1714237832, //www.therow.com/cdn/shop/products/W1280L97IVPDF_600x.jpg?v=1676571703",/products/bourse-white,,"$1,590",,Yes,women_bags.html
W1255L72BLSGZ,Soft Margaux 15 Bag in Leather,"$5,190",women_bags,", , //www.therow.com/cdn/shop/products/W1255L72BLSGZ_600x.jpg?v=1694108988, //www.therow.com/cdn/shop/products/W1255L72BLSGF_600x.jpg?v=1694108988",/products/soft-margaux-15-black-leather,,"$5,190",,Yes,women_bags.html
W1254L72BLSGZ,Soft Margaux 17 Bag in Leather,"$5,890",women_bags,", , //www.therow.com/cdn/shop/products/W1254L72BLSGZ_600x.jpg?v=1714236738, //www.therow.com/cdn/shop/products/W1254L72BLSGF_600x.jpg?v=1677532414",/products/soft-margaux-17-black,,"$5,890",,Yes,women_bags.html
W1255L72CUSHGZ,Soft Margaux 15 Bag in Leather,"$5,190",women_bags,", , //www.therow.com/cdn/shop/products/W1255L72CUSHGZ_600x.jpg?v=1714251514, //www.therow.com/cdn/shop/products/W1255L72CUSHGF_db4ed7b4-3f76-4505-b2e1-ee6c84affc9a_600x.jpg?v=1678214417",/products/soft-margaux-15-brown,,"$5,190",,Yes,women_bags.html
W1255L72CUSHGZ,Soft Margaux 17 Bag in Leather,"$5,890",women_bags,", , //www.therow.com/cdn/shop/products/W1255L72CUSHGZ_c71d5dba-d9b7-44c0-9ce6-0e3d882be8a1_600x.jpg?v=1714254236, //www.therow.com/cdn/shop/products/W1254L72CUSHGF_600x.jpg?v=1677531899",/products/soft-margaux-17-brown-1,,"$5,890",,Yes,women_bags.html
W1255L25MOSHGZ,Soft Margaux 15 Bag in Suede,"$4,550",women_bags,", , //www.therow.com/cdn/shop/products/W1255L25MOSHGZ_600x.jpg?v=1678213956, //www.therow.com/cdn/shop/products/W1255L25MOSHGF_e05d68c1-73d1-482e-8508-50612ea777c0_600x.jpg?v=1678213956",/products/soft-margaux-15-brown-suede,,"$4,550",,Yes,women_bags.html
W1254L25MOSHGZ,Soft Margaux 17 Bag in Suede,"$4,990",women_bags,", , //www.therow.com/cdn/shop/products/W1254L25MOSHGZ_600x.jpg?v=1714255148, //www.therow.com/cdn/shop/products/W1254L25MOSHGF_600x.jpg?v=1676575508",/products/soft-margaux-17-brown-suede,,"$4,990",,Yes,women_bags.html
W1255L25BLSGZ,Soft Margaux 15 Bag in Suede,"$4,550",women_bags,", , //www.therow.com/cdn/shop/products/W1255L25BLSGZ_600x.jpg?v=1682861404, //www.therow.com/cdn/shop/products/W1255L25BLSGF_a285167a-e315-4e95-b507-4be8f77433f1_600x.jpg?v=1678214185",/products/soft-margaux-15-black-suede,,"$4,550",,Yes,women_bags.html
W1254L25BLSGZ,Soft Margaux 17 Bag in Suede,"$4,990",women_bags,", , //www.therow.com/cdn/shop/products/W1254L25BLSGZ_f9a97d3f-36ee-4611-9aef-1d61bfa5501f_600x.jpg?v=1715181212, //www.therow.com/cdn/shop/products/W1254L25BLSGF_063d4dc7-dccd-48a4-b3c0-e74196499c61_600x.jpg?v=1677463964",/products/soft-margaux-17-black-1,,"$4,990",,Yes,women_bags.html
W1273L72BLPLZ,Large N/S Park Tote Bag in Leather,"$2,990",women_bags,", , //www.therow.com/cdn/shop/files/W1273L72BLPLZ_600x.jpg?v=1714235565, //www.therow.com/cdn/shop/files/W1273L72BLPLF_600x.jpg?v=1682713496",/products/large-n-s-park-tote-black,,"$2,990",,No,women_bags.html
W1273L72DCPLDZ,Large N/S Park Tote Bag in Leather,"$2,990",women_bags,", , //www.therow.com/cdn/shop/products/W1273L72DCPLDZ_600x.jpg?v=1714254743, //www.therow.com/cdn/shop/files/W1273L72DCPLDF_e62a94ad-b723-4cfc-a883-eb406ab0bf91_600x.jpg?v=1682714812",/products/large-n-s-park-tote-brown,,"$2,990",,No,women_bags.html
W1273L129DTPLZ,Large N/S Park Tote Bag in Leather,"$2,390",women_bags,", , //www.therow.com/cdn/shop/products/W1273L129DTPLZ_600x.jpg?v=1676840891, //www.therow.com/cdn/shop/products/W1273L129DTPLF_600x.jpg?v=1676840892",/products/large-n-s-park-tote-taupe-leather,,"$2,390",,No,women_bags.html
W1273L129IVPDZ,Large N/S Park Tote Bag in Leather,"$2,390",women_bags,", , //www.therow.com/cdn/shop/products/W1273L129IVPDZ_600x.jpg?v=1677596205, //www.therow.com/cdn/shop/products/W1273L129IVPDF_600x.jpg?v=1676573360",/products/large-n-s-park-tote-white,,"$2,390",,No,women_bags.html
W1196L129BLPLZ,Large Slouchy Banana Bag in Leather,"$2,550",women_bags,", , //www.therow.com/cdn/shop/products/W1196L129BLPLZ_600x.jpg?v=1677596247, //www.therow.com/cdn/shop/products/W1196L129BLPLF_600x.jpg?v=1676574867",/products/slouchy-banana-large-black,,"$2,550",,No,women_bags.html
W1197L52BLPLZ,Small Slouchy Banana Bag in Leather,"$2,060",women_bags,", , //www.therow.com/cdn/shop/products/W1197L52BLPLZ_600x.jpg?v=1714246377, //www.therow.com/cdn/shop/products/W1197L52BLPLF_600x.jpg?v=1676574896",/products/slouchy-banana-small-black,,"$2,060",,No,women_bags.html
SLOUCHY,Slouchy Banana Bag Two in Nylon,"$1,350",women_bags,", , //www.therow.com/cdn/shop/files/SLOUCHY_BANANA2_DUNE_Z_600x.jpg?v=1692826595, //www.therow.com/cdn/shop/files/SLOUCHY_BANANA2_DUNE_F_600x.jpg?v=1692826598",/products/slouchy-banana-two-beige,,"$1,350",,No,women_bags.html
W1304W256BLPLZ,Slouchy Banana Bag Two in Nylon,"$1,350",women_bags,", , //www.therow.com/cdn/shop/products/W1304W256BLPLZ_600x.jpg?v=1700516351, //www.therow.com/cdn/shop/files/W1304W256BLPLF_6b011cbc-487c-4c2d-b3cb-a279f098af23_600x.jpg?v=1700516351",/products/slouchy-banana-two-black,,"$1,350",,No,women_bags.html
W1313L129IVPDZ,Medium N/S Park Tote Bag in Leather,"$1,690",women_bags,", , //www.therow.com/cdn/shop/products/W1313L129IVPDZ_600x.jpg?v=1678211589, //www.therow.com/cdn/shop/products/W1313L129IVPDF_fe15203c-5bf1-4dce-801c-0e1e53f55690_600x.jpg?v=1678211589",/products/medium-n-s-park-tote-white,,"$1,690",,No,women_bags.html
W1314L129IVPDZ,Small N/S Park Tote in Leather,"$1,390",women_bags,", , //www.therow.com/cdn/shop/products/W1314L129IVPDZ_600x.jpg?v=1714235674, //www.therow.com/cdn/shop/products/W1314L129IVPDF_11ef9837-644b-40bd-a8c9-d53ad3c60091_600x.jpg?v=1678210681",/products/small-n-s-park-tote-white,,"$1,390",,No,women_bags.html
W1313L129DTPLZ,Medium N/S Park Tote Bag in Leather,"$1,690",women_bags,", , //www.therow.com/cdn/shop/products/W1313L129DTPLZ_600x.jpg?v=1676840445, //www.therow.com/cdn/shop/products/W1313L129DTPLF_600x.jpg?v=1676840458",/products/medium-n-s-park-tote-taupe-leather,,"$1,690",,Yes,women_bags.html
W1314L129DTPLZ,Small N/S Park Tote in Leather,"$1,390",women_bags,", , //www.therow.com/cdn/shop/products/W1314L129DTPLZ_600x.jpg?v=1714250099, //www.therow.com/cdn/shop/products/W1314L129DTPLF_600x.jpg?v=1676840701",/products/small-n-s-park-tote-brown,,"$1,390",,No,women_bags.html
W1190L72BLSGZ,Soft Margaux 10 Bag in Leather,"$4,290",women_bags,", , //www.therow.com/cdn/shop/files/W1190L72BLSGZ_600x.jpg?v=1714236128, //www.therow.com/cdn/shop/files/W1190L72BLSGF_600x.jpg?v=1684008647",/products/soft-margaux-10-black-1,,"$4,290",,Yes,women_bags.html
W1190L72CUSHGZ,Soft Margaux 10 Bag in Leather,"$4,290",women_bags,", , //www.therow.com/cdn/shop/files/W1190L72CUSHGZ_600x.jpg?v=1714255114, //www.therow.com/cdn/shop/files/W1190L72CUSHGF_600x.jpg?v=1684008746",/products/soft-margaux-10-brown-1,,"$4,290",,Yes,women_bags.html
W1190L133BLPLZ,Soft Margaux 10 Bag in Leather,"$3,490",women_bags,", , //www.therow.com/cdn/shop/products/W1190L133BLPLZ_600x.jpg?v=1715184727, //www.therow.com/cdn/shop/products/W1190L133BLPLF_600x.jpg?v=1676575080",/products/soft-margaux-10-black,,"$3,490",,Yes,women_bags.html
W1190L133DTPLZ,Soft Margaux 10 Bag in Leather,"$3,490",women_bags,", , //www.therow.com/cdn/shop/products/W1190L133DTPLZ_600x.jpg?v=1711991485, //www.therow.com/cdn/shop/files/W1190L133DTPLF_600x.jpg?v=1711991485",/products/soft-margaux-10-brown,,"$3,490",,Yes,women_bags.html
W1586L72BLSGZ,Soft Margaux 12 Bag in Leather,"$4,890",women_bags,", , //www.therow.com/cdn/shop/files/W1586L72BLSGZ_600x.jpg?v=1689204982, //www.therow.com/cdn/shop/files/W1586L72BLSGF_7255ed6f-5c39-428b-8614-e97bdfde4e21_600x.jpg?v=1689204982",/products/soft-margaux-12-black-1,,"$4,890",,Yes,women_bags.html
W1586L133BLPLZ,Soft Margaux 12 Bag in Leather,"$4,090",women_bags,", , //www.therow.com/cdn/shop/files/W1586L133BLPLZ_600x.jpg?v=1715181285, //www.therow.com/cdn/shop/files/W1586L133BLPLF_600x.jpg?v=1688842792",/products/soft-margaux-12-black,,"$4,090",,Yes,women_bags.html
W1586L72CUSHGZ,Soft Margaux 12 Bag in Leather,"$4,890",women_bags,", , //www.therow.com/cdn/shop/files/W1586L72CUSHGZ_600x.jpg?v=1714355928, //www.therow.com/cdn/shop/files/W1586L72CUSHGF_600x.jpg?v=1714355927",/products/soft-margaux-12-brown-2,,"$4,890",,Yes,women_bags.html
W1586L133DTPLZ,Soft Margaux 12 Bag in Leather,"$4,090",women_bags,", , //www.therow.com/cdn/shop/files/W1586L133DTPLZ_600x.jpg?v=1714250146, //www.therow.com/cdn/shop/files/W1586L133DTPLF_600x.jpg?v=1713456683",/products/soft-margaux-12-brown-3,,"$4,090",,Yes,women_bags.html
W1254L133DTPLZ,Soft Margaux 17 Bag in Leather,"$5,090",women_bags,", , //www.therow.com/cdn/shop/files/W1254L133DTPLZ_ad9d98e9-34fd-4389-aec5-b153036a04a0_600x.jpg?v=1686848731, //www.therow.com/cdn/shop/files/W1254L133DTPLF_600x.jpg?v=1686848731",/products/soft-margaux-17-brown,,"$5,090",,Yes,women_bags.html
W1255L133DTPLZ,Soft Margaux 15 Bag in Leather,"$4,390",women_bags,", , //www.therow.com/cdn/shop/files/W1255L133DTPLZ_6f643181-8482-45c5-ac66-790982269723_600x.jpg?v=1686848357, //www.therow.com/cdn/shop/files/W1255L133DTPLF_600x.jpg?v=1686848357",/products/soft-margaux-15-brown-leather,,"$4,390",,Yes,women_bags.html
W1254L133BLPLZ,Soft Margaux 17 Bag in Leather,"$5,090",women_bags,", , //www.therow.com/cdn/shop/products/W1254L133BLPLZ_600x.jpg?v=1715181256, //www.therow.com/cdn/shop/files/W1254L133BLPLF_600x.jpg?v=1700060008",/products/soft-margaux-17-black-leather,,"$5,090",,Yes,women_bags.html
W1255L133BLPLZ,Soft Margaux 15 Bag in Leather,"$4,390",women_bags,", , //www.therow.com/cdn/shop/products/W1255L133BLPLZ_600x.jpg?v=1714236190, //www.therow.com/cdn/shop/products/W1255L133BLPLF_a7456523-a46a-4be1-a7f0-349b38bd9f4f_600x.jpg?v=1678216650",/products/soft-margaux-15-black,,"$4,390",,Yes,women_bags.html
W1313L129BLPLZ,Medium N/S Park Tote Bag in Leather,"$1,690",women_bags,", , //www.therow.com/cdn/shop/products/W1313L129BLPLZ_600x.jpg?v=1677596388, //www.therow.com/cdn/shop/products/W1313L129BLPLF_600x.jpg?v=1676573576",/products/medium-n-s-park-tote-black,,"$1,690",,Yes,women_bags.html
W1273L129BLPLZ,Large N/S Park Tote Bag in Leather,"$2,390",women_bags,", , //www.therow.com/cdn/shop/products/W1273L129BLPLZ_600x.jpg?v=1677596188, //www.therow.com/cdn/shop/products/W1273L129BLPLF_600x.jpg?v=1676573261",/products/large-n-s-park-tote-black-leather,,"$2,390",,No,women_bags.html
W1285L133ESPLDZ,E/W Top-Handle Bag in Leather,"$2,750",women_bags,", , //www.therow.com/cdn/shop/products/W1285L133ESPLDZ_600x.jpg?v=1682892580, //www.therow.com/cdn/shop/files/W1285L133ESPLDF_dc0a1c23-e3a0-4c91-aaf0-d7a1b2c8243c_600x.jpg?v=1682892580",/products/e-w-top-handle-brown-1,,"$2,750",,Yes,women_bags.html
W1285L72BLPLZ,E/W Top Handle Bag in Leather,"$3,250",women_bags,", , //www.therow.com/cdn/shop/products/W1285L72BLPLZ_600x.jpg?v=1714248007, //www.therow.com/cdn/shop/products/W1285L72BLPLF_600x.jpg?v=1676827635",/products/e-w-top-handle-black-leather,,"$3,250",,No,women_bags.html
W1314L129BLPLZ,Small N/S Park Tote in Leather,"$1,390",women_bags,", , //www.therow.com/cdn/shop/products/W1314L129BLPLZ_600x.jpg?v=1678210988, //www.therow.com/cdn/shop/products/W1314L129BLPLF_e4fcb75d-89dd-4dfd-8ca9-7e9562a4fb71_600x.jpg?v=1678210988",/products/small-n-s-park-tote-black,,"$1,390",,No,women_bags.html
W1442L60BLPLZ,Sofia 8.75 Bag in Leather,"$3,500",women_bags,", , //www.therow.com/cdn/shop/files/W1442L60BLPLZ_600x.jpg?v=1700517970, //www.therow.com/cdn/shop/files/W1442L60BLPLF_9db3c487-13f4-45ec-9789-f9c8923c9d5b_600x.jpg?v=1700517970",/products/sofia-8-75-black-1,,"$3,500",,No,women_bags.html
W1292L97BLPLZ,Terrasse Bag in Leather,"$2,990",women_bags,", , //www.therow.com/cdn/shop/products/W1292L97BLPLZ_600x.jpg?v=1677596856, //www.therow.com/cdn/shop/products/W1292L97BLPLF_600x.jpg?v=1676576365",/products/terrasse-bag-black,,"$2,990",,Yes,women_bags.html
